Date,BIIB,CCL,CEIX,CNX,CRUS,DIS,DUK,FEYE,FITB,GM,GSK,INTC,INTU,IYW,KHC,KIE,LIT,MCK,NKE,OKE,PBS,PSX,PYPL,RIO,SCHL,SEP,T,UNH,V,VCR,VDC,VFH,VIS,XLB,XLU,XLV
2016-12-01,272.45,47.942,,16.833,49.33,95.90899999999999,68.161,12.38,25.44,33.965,34.499,32.429,111.37,114.18,76.705,26.232,23.31,141.26,49.693000000000005,50.428000000000004,25.469,81.09100000000001,38.34,35.236999999999995,42.797,38.361,35.478,157.46,74.64399999999999,126.0,123.88,56.386,116.23,48.328,43.726000000000006,66.445
2016-12-02,273.75,48.442,,17.408,50.1,95.48299999999999,68.788,12.56,24.909000000000002,33.013000000000005,34.747,32.812,111.26,114.68,77.10600000000001,26.109,23.396,141.74,49.507,50.678000000000004,25.269000000000002,80.997,38.62,35.853,42.19,38.518,35.231,157.26,74.929,125.21,124.73,55.891000000000005,116.21,48.348,44.122,66.601
2016-12-05,267.32,49.623999999999995,,17.975,51.84,96.899,68.96600000000001,13.0,25.101999999999997,32.929,34.719,33.032,112.88,115.84,76.507,26.250999999999998,23.51,143.16,50.871,52.281000000000006,25.598000000000003,81.531,38.99,36.285,42.748000000000005,39.843,35.249,154.22,76.503,126.62,125.03,56.552,116.27,48.725,44.18,66.485
2016-12-06,268.19,50.536,,18.008,54.44,97.57700000000001,69.20100000000001,13.2,25.323,33.053000000000004,34.739000000000004,33.35,112.52,116.22,76.202,26.498,23.548000000000002,143.56,49.615,52.004,25.726999999999997,81.02600000000001,38.98,36.065,43.041000000000004,40.486999999999995,35.907,153.94,76.306,127.18,125.43,57.144,116.89,48.783,44.093999999999994,66.668
2016-12-07,262.79,51.096000000000004,,18.375,55.6,98.865,69.958,13.62,25.543000000000003,34.21,34.608000000000004,34.098,114.55,118.23,79.06,26.714000000000002,24.069000000000003,139.83,51.11600000000001,52.902,26.160999999999998,83.029,39.45,38.16,43.041000000000004,41.638000000000005,36.91,155.96,78.482,129.41,127.2,57.96,118.83,49.481,44.669,66.095
2016-12-08,266.39,50.864,,18.15,58.17,100.99,70.017,13.84,25.958000000000002,34.324,34.461,34.291,115.59,118.82,78.439,26.918000000000003,24.448,141.52,50.577,53.662,26.423000000000002,83.62100000000001,39.61,38.702,43.773999999999994,41.905,36.875,155.88,78.452,129.79,126.87,58.621,118.59,49.809,44.746,66.222
2016-12-09,265.07,51.269,,17.75,57.36,102.44,71.03699999999999,13.69,25.872,35.493,34.829,34.349000000000004,114.92,119.64,79.842,26.97,24.23,144.4,50.742,52.828,26.409000000000002,83.171,39.65,37.811,44.977,41.887,36.846,156.67,78.313,130.01,128.59,58.716,119.02,49.818000000000005,45.217,67.031
2016-12-12,263.89,50.105,,16.592,57.66,101.65,71.655,13.32,25.535,34.965,34.857,34.551,113.99,119.06,80.242,26.97,24.155,144.64,50.567,53.013000000000005,25.996,83.306,39.43,38.133,45.516999999999996,41.15,37.523,156.05,77.68,128.78,129.06,58.083999999999996,118.37,49.596000000000004,45.688,67.34899999999999
2016-12-13,264.71,50.123000000000005,,16.275,57.64,101.44,72.442,13.32,25.746,35.211,35.438,35.348,115.71,120.64,80.947,27.01,24.04,146.11,51.313,53.532,26.313000000000002,84.137,39.43,37.516999999999996,45.478,41.583,37.741,157.07,78.373,129.78,129.53,58.184,118.15,49.516999999999996,46.158,67.895
2016-12-14,263.67,50.375,,15.942,57.04,101.64,70.766,13.07,25.89,33.88,34.986,35.108000000000004,115.59,120.27,80.39399999999999,26.815,23.633000000000003,141.55,50.812,53.152,26.301,82.46700000000001,39.55,36.79,44.997,41.085,37.503,156.41,78.303,128.93,128.25,57.835,116.96,48.928000000000004,45.208,67.547
2016-12-15,264.33,50.902,,16.192,57.69,101.97,71.233,13.18,26.17,34.154,35.134,35.338,115.7,120.77,81.35600000000001,26.908,23.747,140.55,50.32,53.485,26.293000000000003,82.611,39.54,36.065,47.08,41.361999999999995,37.87,157.15,78.671,128.57,128.88,58.381,117.11,49.248999999999995,45.527,67.983
2016-12-16,263.81,49.497,,16.008,57.54,101.5,71.759,13.21,25.785999999999998,34.277,35.521,34.876999999999995,115.24,119.85,82.395,26.796,23.633000000000003,140.5,49.958,54.13399999999999,26.244,83.459,39.32,35.614000000000004,47.648999999999994,42.016000000000005,38.024,160.4,77.532,128.18,129.54,57.923,116.87,49.095,46.083,68.038
2016-12-19,256.78,49.327,,15.633,57.74,102.86,72.265,13.29,26.2,34.305,35.31,35.434,116.07,120.73,82.52799999999999,27.055999999999997,23.813000000000002,139.77,49.89,53.839,26.244,83.181,39.44,35.082,46.632,41.795,38.435,158.04,77.285,128.39,129.8,58.07899999999999,117.52,48.998999999999995,46.253,67.75399999999999
2016-12-20,263.06,50.45,,15.717,58.3,103.01,72.471,12.98,26.749000000000002,34.501999999999995,35.3,35.742,116.31,120.99,81.93799999999999,27.226,23.7,139.35,50.812,54.36600000000001,26.453000000000003,82.963,39.74,35.909,47.678000000000004,41.566,38.754,158.09,77.542,129.53,129.63,58.732,118.33,49.038000000000004,46.312,67.704
2016-12-21,260.78,51.027,,16.042,58.99,103.11,72.143,12.54,26.641,34.324,35.144,35.52,115.61,120.86,82.538,27.261999999999997,23.662,139.8,51.313,54.245,26.483,82.81,40.09,35.725,47.698,41.758,38.653,157.84,77.325,129.48,129.63,58.586999999999996,117.86,49.056999999999995,46.12,67.32300000000001
2016-12-22,260.74,50.375,,15.917,58.68,102.97,72.86399999999999,12.15,26.576,33.637,35.282,35.463,114.85,120.32,83.176,27.226,23.49,138.56,51.155,53.662,26.333000000000002,83.555,39.68,35.082,46.846000000000004,42.144,38.983000000000004,158.08,77.086,127.99,129.42,58.42100000000001,117.6,48.853,46.282,67.41
2016-12-23,264.85,50.97,,16.042,58.68,102.71,72.72399999999999,12.21,26.631,33.637,35.346,35.51,114.86,120.45,83.45299999999999,27.235,23.462,139.4,50.93,54.383,26.318,83.70700000000001,39.58,35.025999999999996,46.906000000000006,42.273999999999994,38.99,159.51,77.335,127.71,129.65,58.538000000000004,117.72,48.95,46.272,67.918
2016-12-27,268.15,50.595,,16.092,59.35,102.73,72.592,12.385,26.709,33.494,35.282,35.607,114.84,121.02,83.463,27.206999999999997,23.605,140.28,50.32,54.698,26.523000000000003,83.726,39.72,35.236999999999995,46.611999999999995,42.403,38.917,159.13,77.532,128.24,129.66,58.655,117.94,49.213,46.312,68.058
2016-12-28,266.43,50.162,,15.942,58.35,101.88,72.171,11.94,26.361,33.126999999999995,35.17,35.184,113.43,119.86,83.206,26.991999999999997,23.638,139.74,50.056000000000004,53.43899999999999,26.323,83.13600000000001,39.57,35.716,46.836000000000006,42.023999999999994,38.8,157.95,77.483,127.45,128.94,58.059,116.67,48.716,45.873000000000005,67.54
2016-12-29,264.39,49.968999999999994,,15.592,58.01,102.14,73.097,11.82,25.849,33.117,35.43,35.214,112.91,119.78,83.796,26.985,23.754,139.99,50.095,53.726000000000006,26.313000000000002,82.686,39.96,35.743,46.816,41.887,38.927,157.56,77.513,127.24,129.41,57.68899999999999,116.7,48.716,46.49100000000001,67.654
2016-12-30,261.21,50.038000000000004,,15.192,56.54,101.8,72.72399999999999,11.9,26.08,32.834,35.494,34.839,112.6,118.66,83.215,26.989,23.609,138.67,49.87,53.198,26.065,82.45700000000001,39.47,35.339,46.455,42.199,38.809,156.59,77.205,126.29,128.85,57.863,116.31,48.396,46.233999999999995,67.41
2017-01-03,268.7,50.113,,14.508,57.23,103.63,72.82600000000001,12.3,26.156999999999996,33.126999999999995,35.797,35.155,112.74,119.55,83.415,27.061999999999998,24.006,145.57,50.998999999999995,54.441,26.343000000000004,82.82,40.25,35.798,46.318000000000005,42.467,39.257,157.96,78.671,126.86,129.29,58.303000000000004,117.08,48.677,46.12,68.292
2017-01-04,270.85,50.768,,15.283,57.04,104.96,72.751,12.67,26.515,34.955,36.028,34.981,112.97,120.08,82.939,27.294,24.509,146.69,52.067,54.301,26.683000000000003,83.26899999999999,41.0,36.028,46.269,42.641999999999996,39.03,158.41,79.314,128.69,129.48,58.956,117.87,49.388000000000005,46.292,68.83
2017-01-05,270.41,51.623000000000005,,15.592,55.77,104.9,72.845,12.59,25.750999999999998,34.295,36.617,34.915,113.65,120.26,82.463,27.144000000000002,24.78,144.65,52.056999999999995,54.515,26.642,82.772,41.06,36.129,45.946999999999996,43.26,38.917,158.68,80.244,128.58,129.72,58.313,117.25,49.243,46.34,69.181
2017-01-06,271.65,51.566,,15.392000000000001,57.23,106.46,72.601,12.54,25.983,33.919000000000004,36.295,35.04,115.12,121.41,82.25299999999999,27.235,24.645,145.06,52.891999999999996,53.652,26.713,81.493,41.45,35.274,45.976000000000006,43.331,38.143,158.9,81.352,128.84,129.67,58.548,117.61,49.291000000000004,46.483000000000004,69.377
2017-01-09,275.43,51.604,,14.975,57.76,105.85,71.805,12.69,25.878,33.937,36.342,35.164,114.79,121.75,82.023,26.932,24.732,144.98,52.371,53.263999999999996,26.682,80.176,41.4,35.247,45.233000000000004,43.351000000000006,37.663000000000004,158.45,80.896,128.73,128.79,58.049,116.78,49.281000000000006,45.873000000000005,69.67
2017-01-10,274.3,52.141999999999996,,15.467,57.73,105.87,71.675,12.9,26.177,35.201,36.259,35.099000000000004,114.4,121.79,81.872,27.069000000000003,24.721999999999998,144.96,52.106,51.956,26.785999999999998,79.928,41.08,37.672,45.8,43.166000000000004,37.672,158.08,80.462,129.38,128.11,58.313,117.35,49.309,45.729,69.914
2017-01-11,264.46,52.43899999999999,,15.357999999999999,57.53,106.9,72.236,12.97,26.197,35.765,35.992,35.492,114.66,122.59,82.681,27.141,25.235,141.38,51.695,53.06,26.88,81.007,41.28,38.316,45.918,42.99100000000001,37.489000000000004,158.39,80.946,129.63,128.37,58.586999999999996,118.05,49.708999999999996,46.207,69.21
2017-01-12,265.07,51.556000000000004,,15.375,56.11,105.05,72.649,12.94,26.023000000000003,35.351,35.954,35.26,115.31,122.13,83.31,26.945999999999998,25.39,142.84,51.41,52.42100000000001,26.901,80.48100000000001,41.56,38.711,45.574,42.348,37.858000000000004,158.85,80.521,129.5,128.33,58.098,117.49,49.611999999999995,46.244,69.279
2017-01-13,262.2,51.38399999999999,,15.533,57.38,105.55,72.339,13.44,26.391,35.191,36.147,35.338,115.37,122.6,82.939,27.055999999999997,25.642,145.32,51.922,52.178999999999995,27.059,79.48100000000001,41.6,38.629,45.20399999999999,42.558,37.81,158.3,80.32300000000001,129.82,128.31,58.45,118.03,49.532,46.178000000000004,69.348
2017-01-17,260.68,51.027,,15.175,55.77,105.46,72.57300000000001,13.16,25.171,35.162,36.221,35.348,114.38,121.95,83.788,26.881,25.361,146.54,52.635,52.178999999999995,26.929000000000002,79.73899999999999,41.27,39.014,44.881,42.577,37.949,157.19,80.41199999999999,129.98,129.89,57.123999999999995,116.94,49.309,46.681000000000004,68.995
2017-01-18,261.24,51.518,,15.3,56.15,105.65,72.611,13.06,25.462,35.315,35.844,35.308,114.09,122.35,84.197,27.144000000000002,25.284000000000002,147.84,52.263999999999996,52.411,27.009,80.283,41.35,39.815,45.271,42.448,37.663000000000004,154.33,80.738,129.78,130.37,57.583,117.49,49.622,46.625,68.907
2017-01-19,258.23,51.373999999999995,,15.275,55.6,104.8,72.255,13.12,25.133000000000003,35.152,35.716,35.126,114.25,122.09,83.719,27.02,25.371,145.43,51.931000000000004,51.854,26.875,79.194,41.27,39.52,44.783,41.85,37.848,155.26,80.878,129.36,129.83,57.269,117.91,49.309,46.217,68.467
2017-01-20,258.52,51.23,,15.232999999999999,58.24,105.17,72.452,13.04,25.423000000000002,34.881,35.687,35.472,115.37,122.72,84.76799999999999,27.034000000000002,25.651999999999997,148.37,52.196000000000005,52.437,26.865,79.242,41.69,39.446999999999996,44.812,41.766999999999996,38.263000000000005,155.22,80.986,129.71,130.57,57.523,117.97,49.748000000000005,46.302,68.292
2017-01-23,254.25,51.681000000000004,,15.45,58.44,104.64,72.171,12.95,25.627,34.542,35.871,35.318000000000005,115.37,122.82,84.626,26.965,25.768,147.42,52.236000000000004,51.788999999999994,27.006999999999998,78.44,41.62,40.256,44.519,41.4,38.772,155.63,81.292,129.79,130.39,57.269,117.19,49.846000000000004,46.06399999999999,68.008
2017-01-24,252.22,52.413000000000004,,16.258,61.74,105.4,72.311,12.77,25.721999999999998,34.871,35.696,36.126,117.0,124.17,84.52,27.079,26.096999999999998,146.42,52.441,52.151,27.229,80.33800000000001,41.96,41.99100000000001,44.91,41.924,38.181,156.96,82.36200000000001,131.05,131.32,57.953,118.67,51.131,46.053999999999995,67.54
2017-01-25,251.68,53.661,,16.283,60.31,105.53,72.218,13.02,26.023000000000003,36.077,35.835,36.306999999999995,118.24,125.64,84.663,27.359,26.388,149.19,52.843,51.474,27.458000000000002,81.111,41.71,42.23,45.224,42.071000000000005,38.207,157.76,83.02600000000001,131.81,131.44,58.821000000000005,120.0,51.472,46.053999999999995,68.173
2017-01-26,256.89,54.718999999999994,,16.092,60.34,105.55,72.255,12.82,26.217,35.359,35.78,36.078,116.72,125.52,85.20700000000001,27.456,26.33,136.79,52.635,51.468999999999994,27.587,80.387,41.5,41.22,45.096000000000004,42.412,38.559,159.24,82.37200000000001,131.91,130.88,59.006,120.17,51.608000000000004,46.074,67.645
2017-01-27,256.26,54.103,,15.833,60.69,106.76,72.087,12.6,25.878,34.881,35.696,36.481,116.85,125.91,85.226,27.349,26.165,135.02,52.18600000000001,51.451,27.558000000000003,78.985,40.27,41.67,44.977,42.522,38.779,159.47,82.896,131.39,130.06,58.711999999999996,119.8,51.423,46.06399999999999,68.202
2017-01-30,254.28,53.478,,15.25,60.52,108.37,72.255,12.96,25.462,34.239000000000004,35.945,35.929,116.79,124.8,84.882,27.141,25.807,135.38,52.077,50.38399999999999,27.388,78.564,39.86,40.788000000000004,44.281000000000006,41.703,38.604,158.59,82.82700000000001,131.22,129.97,58.236000000000004,118.81,50.898,46.103,67.87100000000001
2017-01-31,255.37,53.228,,14.117,60.32,108.08,73.586,13.55,25.239,34.501999999999995,36.23,35.368,116.84,124.26,85.09299999999999,27.115,25.71,137.38,51.902,51.638000000000005,27.408,77.887,39.78,41.156000000000006,44.928999999999995,41.739,38.917,158.6,81.846,131.05,130.54,57.953,117.93,50.595,46.815,68.956
2017-02-01,259.47,53.315,,14.092,63.96,108.73,72.48,13.15,25.373,34.06,36.369,35.08,115.98,125.49,84.25299999999999,27.144000000000002,25.894000000000002,138.25,52.018,50.598,27.526999999999997,77.056,39.31,41.753,44.949,41.611000000000004,38.827,159.2,81.579,130.75,129.73,58.012,117.81,50.848,46.006,69.553
2017-02-02,264.23,53.161,,13.958,55.0,108.04,72.883,12.97,25.084,33.674,36.221,35.234,116.1,125.53,84.435,27.304000000000002,26.107,137.24,51.802,52.06,27.344,77.34100000000001,39.58,40.99100000000001,44.507,41.573,38.014,157.29,81.44,130.57,130.7,57.769,117.47,50.623999999999995,46.49100000000001,69.533
2017-02-03,264.67,53.132,,14.3,56.11,107.75,72.751,10.93,25.645,34.239000000000004,36.24,35.329,116.63,126.35,85.074,27.538,26.068,137.08,51.371,52.894,27.518,76.292,39.59,39.208,44.986999999999995,42.181999999999995,38.079,158.37,85.181,130.61,131.4,58.919,118.58,50.713,46.55,69.837
2017-02-06,264.91,53.343,,14.392000000000001,55.49,107.03,72.67699999999999,10.85,25.878,34.71,36.461,35.088,116.16,126.54,84.53,27.493000000000002,26.146,138.04,51.802,51.827,27.368000000000002,75.51899999999999,39.74,39.309,44.732,42.43899999999999,37.902,157.04,84.934,130.23,130.77,58.711999999999996,118.42,50.576,46.45399999999999,69.914
2017-02-07,266.11,53.295,,14.658,56.14,106.48,72.845,11.11,25.616999999999997,33.08,36.369,35.164,115.75,127.17,84.63600000000001,27.476,25.419,138.15,51.812,50.943999999999996,27.243000000000002,74.957,40.02,39.529,45.076,41.897,37.959,157.06,84.884,130.01,131.85,58.577,118.55,50.176,46.567,69.983
2017-02-08,268.74,53.431000000000004,,14.433,56.11,106.48,73.678,11.01,25.045,33.117,36.635999999999996,35.194,114.82,127.37,84.99600000000001,27.45,25.613000000000003,139.16,52.863,50.973,27.149,75.252,40.88,39.455,44.663999999999994,41.731,38.042,156.85,84.20200000000001,130.74,132.33,58.158,118.35,50.295,47.025,69.876
2017-02-09,270.44,54.122,,14.425,55.37,106.95,72.845,11.26,25.288,33.063,36.885,34.304,114.38,127.8,85.559,27.658,25.72,137.93,54.265,51.648,27.304000000000002,75.625,40.83,39.639,45.282,41.943000000000005,38.133,156.97,84.68700000000001,131.76,132.99,58.938,119.4,50.275,46.625,70.13
2017-02-10,274.76,54.065,,14.183,54.19,106.72,73.173,11.46,25.635,33.147,37.125,34.188,115.8,127.88,85.961,27.826999999999998,25.913,137.79,55.159,51.827,27.361,76.207,40.58,41.725,45.409,41.722,38.198,157.28,85.00299999999999,132.48,132.96,59.103,120.34,50.732,46.919,70.267
2017-02-13,278.91,54.266000000000005,,14.167,53.51,107.11,73.726,11.76,25.858,33.476,36.857,34.632,116.66,128.76,86.322,28.023000000000003,26.116999999999997,138.71,55.03,51.553999999999995,27.412,76.244,41.18,42.864,45.54600000000001,41.748999999999995,37.525,158.49,85.538,132.59,133.0,59.718,121.27,51.15,47.148999999999994,70.697
2017-02-14,285.14,54.18,,14.442,53.36,107.78,73.117,11.89,26.641,35.097,36.969,34.758,117.09,129.21,86.542,28.139,26.146,143.36,55.38399999999999,51.489,27.398000000000003,76.322,41.62,42.497,45.479,41.887,37.617,159.61,85.943,133.29,133.09,60.419,121.34,51.14,46.805,71.255
2017-02-15,292.64,54.285,,14.225,54.08,107.63,72.734,11.72,26.655,34.945,37.391999999999996,34.874,117.2,129.72,86.81299999999999,28.27,26.068,147.62,55.568999999999996,51.058,27.607,76.416,41.87,42.203,45.783,42.298,37.959,160.74,86.792,134.14,134.24,60.838,122.02,51.071999999999996,46.691,72.027
2017-02-16,290.13,53.853,,14.192,54.92,108.14,74.742,11.35,26.689,34.897,37.715,35.224000000000004,117.49,129.94,83.176,28.406999999999996,25.758000000000003,147.52,55.226000000000006,50.626999999999995,27.508000000000003,75.503,42.15,42.386,45.831,42.129,38.079,160.12,86.662,133.34,134.17,60.781000000000006,122.02,51.071999999999996,47.157,71.928
2017-02-17,288.94,53.248000000000005,,14.117,55.33,107.52,74.23100000000001,11.83,26.631,35.077,38.101,35.29,118.09,130.33,92.10700000000001,28.361,25.603,148.34,55.678000000000004,50.261,27.509,75.657,41.96,41.808,45.763000000000005,42.558,38.291,154.21,86.712,133.8,135.0,60.731,122.11,50.926,47.187,72.027
2017-02-21,286.9,53.718999999999994,,14.192,55.17,107.47,74.921,11.8,26.66,35.634,38.369,35.329,118.1,131.04,90.411,28.414,25.807,148.98,56.277,50.803999999999995,27.805,76.014,42.43,42.405,45.968999999999994,42.558,38.52,157.1,87.16799999999999,134.62,136.26,60.995,122.75,51.092,47.681000000000004,72.351
2017-02-22,287.63,53.68,,14.2,55.63,107.58,75.66,11.23,26.593000000000004,35.662,38.342,34.894,117.68,131.28,88.97200000000001,28.456,25.7,147.15,57.14,50.148999999999994,27.835,75.387,42.42,41.88399999999999,45.911,42.18600000000001,38.391999999999996,157.1,87.04799999999999,134.69,136.16,61.082,122.31,51.229,47.881,72.241
2017-02-23,284.75,54.086999999999996,,13.617,55.5,107.19,76.646,11.31,26.565,35.107,38.771,34.989000000000004,118.79,130.89,88.571,28.572,25.506999999999998,147.07,56.306999999999995,51.198,27.616999999999997,75.608,42.53,40.155,45.821000000000005,42.242,38.724000000000004,159.09,87.427,133.47,136.32,61.151,121.46,50.946000000000005,48.376999999999995,72.77
2017-02-24,285.13,54.192,,13.15,55.66,107.77,77.64,11.24,26.419,34.777,38.836999999999996,35.339,126.13,131.0,88.704,28.511,25.313000000000002,148.94,56.766000000000005,49.812,27.627,75.051,43.07,39.38,45.381,41.952,39.104,159.54,87.67299999999999,134.08,136.83,60.702,122.0,51.053999999999995,49.11,73.12100000000001
2017-02-27,291.13,54.211999999999996,,13.1,55.68,107.68,77.546,11.5,26.66,35.126,38.847,35.319,124.0,131.13,86.359,28.384,25.177,149.81,56.601000000000006,49.989,27.493000000000002,75.85,42.64,39.513000000000005,45.163999999999994,41.605,38.604,161.81,87.24700000000001,134.36,136.18,60.957,122.72,50.926,48.833,73.47399999999999
2017-02-28,288.6,54.115,,12.975,54.08,107.55,78.199,11.26,26.535,34.72,38.762,35.019,123.59,130.39,87.209,28.416999999999998,25.158,148.5,56.08,50.645,27.219,75.205,42.0,39.22,44.222,41.81100000000001,38.577,161.81,87.18799999999999,133.34,136.37,60.761,121.92,50.878,49.281000000000006,73.328
2017-03-01,293.26,54.647,,13.375,54.26,108.47,77.611,11.08,27.801,35.275,38.669000000000004,34.758,122.7,132.21,87.706,28.855,25.565,147.35,56.856,51.902,27.616999999999997,76.34100000000001,42.43,40.533,44.968,41.596000000000004,38.808,164.31,88.228,134.65,137.0,62.388999999999996,124.11,51.872,48.843,74.062
2017-03-02,293.59,54.716,,12.908,54.25,108.02,78.01899999999999,11.0,26.824,35.586,38.93,34.739000000000004,123.33,131.21,87.56299999999999,28.534000000000002,25.584,148.53,56.885,51.77,27.299,75.339,42.77,38.946,44.713,41.091,38.836,163.69,87.773,134.45,136.92,61.442,122.81,51.317,49.195,73.827
2017-03-03,297.85,53.891999999999996,,12.875,53.65,108.67,77.593,11.06,26.921999999999997,36.029,39.238,34.729,124.61,131.43,87.773,28.575,25.555,150.87,55.802,52.86600000000001,27.348000000000003,75.34899999999999,43.03,39.475,44.114,41.203,38.779,164.57,88.03,134.23,136.38,61.657,122.91,51.278,49.043,74.119
2017-03-06,295.66,53.912,,13.083,53.32,108.1,77.555,10.85,26.631,35.728,39.08,34.41,124.25,131.16,87.448,28.377,25.429000000000002,148.61,55.871,53.044,27.328000000000003,75.715,42.87,38.427,44.035,41.147,38.734,165.06,88.178,133.71,135.83,61.287,122.5,50.946000000000005,48.946999999999996,73.837
2017-03-07,291.1,53.71,,12.825,53.73,108.29,77.385,10.62,26.467,35.359,38.724000000000004,34.632,123.55,131.34,87.103,28.302,25.245,145.65,55.655,53.016000000000005,27.368000000000002,74.523,42.89,38.37,43.908,40.82,38.66,164.67,88.29799999999999,133.32,135.55,61.052,121.99,50.663999999999994,48.919,73.318
2017-03-08,294.09,53.71,,12.433,54.33,108.27,76.087,10.6,26.467,35.484,38.436,34.458,123.75,131.46,87.2,28.250999999999998,25.09,146.23,55.615,51.318999999999996,27.373,74.3,42.79,37.69,44.035,40.156,38.559,164.9,88.198,133.79,135.25,61.012,121.52,50.663999999999994,48.216,73.609
2017-03-09,293.06,54.357,,12.792,54.29,108.46,75.831,10.44,26.584,35.066,38.734,34.652,122.93,131.41,87.803,28.26,25.215999999999998,147.85,55.468999999999994,51.078,27.348000000000003,73.907,42.92,37.227,43.574,39.951,38.715,165.0,88.348,133.63,135.49,61.161,120.85,50.507,48.111000000000004,74.012
2017-03-10,292.24,55.333,,12.658,54.76,108.35,76.391,10.65,26.264,35.066,38.659,34.739000000000004,123.11,132.14,87.77799999999999,28.391,25.245,146.08,55.536,50.908,27.318,75.85,42.99,37.208,43.604,40.24,39.095,166.93,88.963,133.93,136.13,61.161,121.73,50.742,48.51,74.296
2017-03-13,292.95,55.238,,12.792,54.58,108.94,76.608,10.76,26.07,35.104,38.922,34.014,123.12,132.23,87.46700000000001,28.406999999999996,25.555,146.44,55.773,50.58,27.448,75.994,42.59,38.586999999999996,43.732,40.296,39.111999999999995,167.15,89.338,134.29,136.15,61.199,121.75,50.888000000000005,48.653,74.236
2017-03-14,292.47,55.121,,12.592,55.41,109.71,76.608,10.4,25.868000000000002,35.189,38.996,34.034,122.48,131.92,87.352,28.397,25.487,145.52,56.373999999999995,48.912,27.378,75.512,42.1,38.304,43.81,39.829,38.853,166.02,88.78299999999999,134.36,135.94,61.132,120.64,50.449,48.605,73.962
2017-03-15,292.64,55.488,,13.058,56.58,109.27,77.679,10.68,25.576999999999998,35.314,39.248000000000005,33.954,122.84,132.75,88.1,28.514,25.941999999999997,146.65,56.746,50.261,27.498,77.09,42.39,40.674,44.33,40.269,39.316,168.69,89.15100000000001,135.1,136.99,61.062,122.16,51.258,49.387,74.891
2017-03-16,278.96,55.652,,12.675,57.91,109.13,77.318,10.8,25.771,35.304,39.491,33.994,122.52,133.18,88.992,28.497,25.884,147.21,56.688,49.887,27.458000000000002,76.648,42.4,40.551,44.673,40.222,39.178000000000004,168.23,89.27,135.35,137.07,61.327,121.73,50.907,48.843,74.167
2017-03-17,276.09,55.751000000000005,,12.583,58.43,109.16,77.52600000000001,10.73,25.48,34.589,39.501,34.12,122.09,133.18,88.235,28.394000000000002,26.146,146.32,56.885,49.493,27.478,76.889,43.08,40.646,45.70399999999999,40.269,39.334,166.65,89.46799999999999,135.45,137.03,60.8,122.19,51.126000000000005,49.138000000000005,73.76
2017-03-20,274.8,55.867,,13.107999999999999,59.25,110.1,76.902,11.61,25.320999999999998,33.999,39.547,34.275,121.58,133.46,88.598,28.228,26.388,145.58,57.751999999999995,49.887,27.428,76.378,43.16,40.864000000000004,45.371,39.839,39.159,164.99,88.41799999999999,135.07,137.1,60.218999999999994,121.91,51.409,48.81100000000001,73.65100000000001
2017-03-21,275.79,55.896,,12.808,58.44,109.15,78.322,11.44,24.089000000000002,32.895,39.547,33.898,119.27,131.31,88.15799999999999,27.791999999999998,25.933000000000003,144.42,57.092,48.986999999999995,26.969,75.598,42.64,38.738,44.536,39.438,38.844,164.69,87.307,133.21,136.83,58.401,119.85,50.55,49.503,73.07300000000001
2017-03-22,277.87,56.378,,12.8,59.11,109.48,78.39699999999999,11.49,24.021,32.741,39.509,34.217,119.34,132.35,88.53200000000001,27.799,26.155,144.73,53.067,49.38,27.029,75.82,43.19,39.257,44.055,39.474000000000004,38.446999999999996,164.02,87.76299999999999,133.31,136.74,58.273,120.18,50.696999999999996,49.742,73.093
2017-03-23,275.41,56.601000000000006,,13.083,59.37,109.64,78.322,12.19,24.233,32.618,39.538000000000004,34.12,118.22,132.01,88.26299999999999,27.842,26.096999999999998,144.24,54.494,48.958,27.069000000000003,75.483,43.14,39.041,41.799,39.352,38.446999999999996,162.33,88.09899999999999,133.7,136.45,58.431000000000004,120.14,50.911,49.588,72.866
2017-03-24,274.82,56.677,,13.092,60.06,109.54,78.616,12.28,24.069000000000003,32.904,39.538000000000004,34.014,117.95,132.13,87.948,27.768,26.252,144.05,55.468999999999994,49.755,27.089000000000002,74.32,43.13,38.578,41.915,39.521,38.476,162.04,88.428,133.89,136.22,58.398,119.75,50.461999999999996,49.772,72.905
2017-03-27,275.23,56.938,,13.017000000000001,60.49,109.78,78.426,12.33,23.915,33.048,39.893,34.235,116.71,132.24,87.53399999999999,27.741999999999997,26.194000000000003,146.89,55.044,49.746,27.119,74.3,43.08,38.001,41.975,39.381,38.3,161.64,88.18799999999999,134.12,136.05,58.13399999999999,119.38,50.568999999999996,49.57899999999999,73.10300000000001
2017-03-28,274.11,57.316,,13.333,60.7,110.43,78.559,12.51,24.406999999999996,33.857,39.63,34.44,116.27,133.25,87.68799999999999,28.003,26.406999999999996,148.25,55.724,49.717,27.229,74.945,43.15,38.597,41.121,39.455,38.364000000000004,162.39,88.35799999999999,135.18,136.52,58.93600000000001,120.64,51.155,49.54,73.15100000000001
2017-03-29,268.53,57.027,,13.7,59.83,109.93,78.075,12.76,24.349,33.836999999999996,39.931,34.41,116.15,133.6,87.764,27.845,26.485,149.71,55.783,51.283,27.338,75.33,43.24,38.615,40.905,39.951,38.263000000000005,160.5,88.41799999999999,135.83,136.74,58.681000000000004,120.75,51.193999999999996,49.407,73.17
2017-03-30,269.06,57.346000000000004,,13.508,60.66,110.55,77.715,12.82,25.019000000000002,33.713,39.696,34.584,113.92,133.79,87.39,28.09,26.445999999999998,147.86,55.153999999999996,51.461000000000006,27.558000000000003,75.59,43.54,38.804,41.534,40.11,38.55,162.03,88.24799999999999,136.2,136.36,59.513000000000005,121.49,51.20399999999999,49.022,73.18
2017-03-31,273.42,56.977,,13.982999999999999,60.69,110.76,77.688,12.61,24.698,33.666,39.397,34.894,114.28,133.74,87.111,28.051,27.221,146.65,54.849,51.946999999999996,27.596999999999998,76.196,43.02,38.427,41.769,40.811,38.356,161.06,88.109,136.31,136.05,59.102,121.21,51.193999999999996,49.214,72.975
2017-04-03,272.69,56.794,,14.0,60.48,110.57,77.914,12.49,24.593000000000004,32.532,39.278,34.98,114.46,133.45,87.352,27.905,27.308000000000003,144.59,54.678999999999995,51.827,27.408,75.301,42.63,38.228,41.788999999999994,40.512,38.373000000000005,162.62,88.596,135.73,135.85,58.838,120.68,50.998999999999995,49.205,73.03399999999999
2017-04-04,274.24,56.717,,14.392000000000001,63.47,110.42,78.029,12.36,24.651,32.628,39.285,35.098,114.32,133.5,87.505,28.1,27.269000000000002,144.19,54.169,52.417,27.565,75.437,42.72,38.757,41.74,40.605,38.485,162.01,88.021,135.42,136.06,58.778999999999996,120.81,51.184,49.358000000000004,72.995
2017-04-05,270.44,56.872,,13.85,62.94,110.38,78.502,12.23,24.213,32.372,39.183,35.029,114.83,132.98,87.697,27.819000000000003,27.375,143.18,54.108999999999995,52.407,27.468000000000004,74.608,42.89,38.492,41.415,40.503,38.319,162.41,88.26799999999999,134.97,135.87,58.32,120.43,51.145,49.637,72.76899999999999
2017-04-06,270.94,57.122,,14.217,63.65,110.43,78.236,12.36,24.485,32.523,38.705999999999996,34.854,116.42,132.96,87.24600000000001,27.901,27.879,143.27,54.266999999999996,52.782,27.557,73.945,42.9,38.71,41.915,40.885999999999996,37.927,162.38,88.32799999999999,135.64,135.93,58.672,120.86,51.419,49.513000000000005,72.896
2017-04-07,268.73,56.687,,14.192,64.63,109.98,77.92399999999999,12.39,24.319000000000003,32.095,38.753,34.854,117.06,132.91,87.006,27.849,27.956,142.34,54.236999999999995,52.651,27.498,74.205,43.04,38.36,41.965,40.951,37.917,163.04,87.98200000000001,135.22,136.2,58.485,121.07,51.369,49.301,73.024
2017-04-10,269.3,56.523,,14.275,64.69,109.83,78.057,12.32,24.115,32.342,38.593,34.632,117.22,132.68,87.19,27.956999999999997,28.015,143.91,54.032,52.407,27.586,75.07,43.05,38.606,41.906000000000006,41.223,37.721,162.52,88.09899999999999,135.67,136.64,58.34,121.42,51.379,49.388000000000005,72.88600000000001
2017-04-11,268.65,55.886,,14.025,63.38,110.45,77.859,12.13,24.009,32.296,39.044000000000004,34.575,117.28,132.13,87.13,27.905,27.947,143.8,54.05,52.21,27.518,74.907,42.69,39.144,42.425,41.457,37.656,162.86,88.089,135.77,136.73,58.3,121.67,51.243,49.368,72.788
2017-04-12,268.92,55.836999999999996,,13.567,61.91,110.42,78.416,12.04,23.658,32.312,39.118,34.467,116.44,131.51,88.186,27.669,27.395,142.32,54.68899999999999,51.845,27.398000000000003,74.425,42.49,37.104,41.621,41.54,37.888000000000005,162.59,87.92200000000001,135.07,137.23,57.754,119.95,50.608000000000004,49.733000000000004,72.788
2017-04-13,271.88,55.586000000000006,,13.225,61.64,110.57,78.236,12.0,23.269000000000002,31.79,39.07,34.1,116.5,131.04,87.773,27.399,27.385,141.65,54.464,51.178999999999995,27.109,73.743,42.55,36.783,41.111000000000004,41.248999999999995,37.626999999999995,162.0,88.109,134.21,136.59,57.0,118.98,50.119,49.568999999999996,72.60300000000001
2017-04-17,274.05,56.543,,13.342,62.82,111.15,78.559,12.3,23.726,32.275999999999996,39.099000000000004,34.321999999999996,117.24,132.27,87.851,27.749000000000002,27.491999999999997,142.65,55.349,50.983000000000004,27.184,74.07,43.1,36.849000000000004,41.523999999999994,41.082,37.646,164.17,89.042,135.38,137.46,57.919,120.21,50.482,49.79,72.866
2017-04-18,271.16,56.456,,13.15,62.96,111.55,78.492,12.4,23.346999999999998,32.076,38.576,34.598,117.94,132.17,88.73200000000001,27.656,27.337,136.11,55.221000000000004,51.367,27.249000000000002,73.031,43.09,36.481,41.836000000000006,41.288999999999994,37.6,165.57,88.963,135.56,138.11,57.498999999999995,120.02,50.423,49.906000000000006,72.07300000000001
2017-04-19,271.94,56.757,,12.883,63.2,111.1,78.009,12.19,23.541999999999998,32.171,38.163000000000004,34.739000000000004,117.57,132.1,88.11,27.613000000000003,27.182,134.62,54.974,50.525,27.44,72.454,43.3,36.385999999999996,42.21,41.361999999999995,37.6,166.2,88.98299999999999,135.83,137.58,57.431000000000004,120.26,50.492,49.559,72.288
2017-04-20,272.56,57.268,,12.833,64.19,112.13,77.706,12.15,24.261999999999997,32.467,38.043,34.999,116.88,133.27,88.292,27.835,27.491999999999997,136.17,55.508,50.401,27.765,72.858,43.69,37.378,43.183,40.97,37.702,168.45,90.37,137.25,137.34,58.29,121.7,51.048,49.368,72.73899999999999
2017-04-21,272.94,57.027,,12.792,63.92,111.78,77.878,12.33,23.94,32.133,38.108000000000004,35.134,116.97,133.22,87.869,27.699,27.463,134.45,54.964,50.159,27.616999999999997,73.435,43.81,37.341,42.93600000000001,41.248999999999995,37.3,168.1,90.37,137.01,136.97,57.879,121.74,50.989,49.618,72.308
2017-04-24,276.86,57.665,,12.833,65.05,111.07,78.22800000000001,12.45,24.631,32.286,38.426,35.551,117.36,134.99,88.792,28.039,27.84,134.68,54.593,50.476000000000006,27.676,74.55,44.27,37.888000000000005,42.633,41.409,37.385,169.23,91.064,137.85,138.21,59.063,123.4,51.575,49.876999999999995,73.024
2017-04-25,286.89,58.062,,13.258,65.84,112.52,78.331,12.66,24.319000000000003,32.361999999999995,38.762,35.667,117.68,135.85,88.53200000000001,28.274,27.956,133.53,54.573,51.283,27.964000000000002,75.1,44.71,38.106,42.544,42.138000000000005,37.31,170.91,91.322,138.95,138.77,59.531000000000006,124.18,52.405,49.809,73.33800000000001
2017-04-26,279.98,58.565,,13.192,65.13,112.9,78.24600000000001,12.56,24.281,32.733000000000004,38.015,35.726,114.44,135.5,87.21600000000001,28.351,27.85,134.56,54.287,51.068000000000005,28.044,75.128,44.41,37.86,43.883,42.288000000000004,37.777,171.24,91.03399999999999,139.73,137.78,59.629,124.08,52.395,49.656000000000006,73.74
2017-04-27,276.57,58.98,,12.808,65.63,113.15,78.531,12.45,23.969,32.885,38.108000000000004,36.209,124.13,136.3,87.13,28.505,27.724,137.28,54.593,50.239,28.144000000000002,75.07,47.15,37.341,43.696999999999996,41.643,37.281,171.49,90.81700000000001,140.34,137.56,59.346000000000004,124.13,52.278999999999996,49.828,73.896
2017-04-28,271.21,59.745,,12.65,64.35,112.92,78.15100000000001,12.51,23.756,32.98,38.221,34.971,123.73,136.73,86.709,28.209,27.781999999999996,136.79,54.534,49.858999999999995,27.844,76.52199999999999,47.72,37.614000000000004,42.574,42.203,37.021,171.74,90.439,139.66,137.52,58.7,123.47,51.839,49.588,74.095
2017-05-01,271.03,60.498999999999995,,12.925,65.18,112.07,77.744,12.48,24.107,32.562,38.154,35.125,124.04,138.08,85.82700000000001,28.212,27.84,136.97,54.119,50.247,27.805,76.52199999999999,47.54,37.85,42.79,42.111000000000004,36.524,171.45,90.479,139.82,136.83,59.033,123.19,51.869,49.292,74.26
2017-05-02,271.34,60.644,,13.45,64.66,111.72,78.04899999999999,12.21,23.785,31.61,38.705999999999996,35.766,124.43,138.35,85.376,28.11,27.879,137.7,54.199,49.56399999999999,27.715999999999998,76.235,49.05,37.633,42.711000000000006,42.073,36.385,171.01,91.749,139.88,135.95,58.907,123.7,51.956,49.349,74.46600000000001
2017-05-03,271.36,60.585,,13.232999999999999,64.42,109.04,77.715,13.78,24.038,31.875999999999998,38.463,36.039,124.12,138.27,85.509,28.179000000000002,27.53,136.71,53.667,49.413000000000004,27.239,76.551,49.02,36.244,42.946999999999996,42.147,35.872,169.44,91.649,139.15,135.96,59.288000000000004,123.64,51.449,49.177,74.105
2017-05-04,268.6,60.905,,12.4,64.49,108.6,78.236,14.28,24.221999999999998,31.561,39.014,35.913000000000004,124.47,138.38,86.04700000000001,28.348000000000003,27.124000000000002,140.68,53.607,46.75899999999999,27.249000000000002,75.252,48.91,35.961,42.761,41.53,35.507,170.89,91.82799999999999,138.85,136.92,59.443999999999996,123.68,51.507,49.349,74.595
2017-05-05,262.15,60.953,,13.117,63.71,109.39,78.60600000000001,14.82,24.115,32.150999999999996,39.044000000000004,35.884,124.66,138.97,85.979,28.378,27.695,139.94,53.097,47.992,27.528000000000002,76.321,49.3,36.745,42.328,42.147,36.02,170.99,91.303,139.73,137.32,59.336000000000006,124.34,52.24,49.618,74.555
2017-05-08,260.42,60.673,,13.575,62.99,108.85,78.55,14.54,24.252,32.342,38.968,35.611,124.68,139.65,85.837,28.264,27.647,139.35,53.441,48.371,27.239,76.6,49.17,36.339,41.638000000000005,41.783,36.029,171.3,91.134,139.73,137.23,59.288000000000004,123.92,51.82,49.598,74.095
2017-05-09,261.28,61.148,,13.075,63.53,109.47,77.783,14.49,24.154,32.618,39.183,35.445,125.22,139.86,85.568,27.94,27.86,140.95,54.022,47.841,27.289,76.561,49.22,36.348,42.062,41.297,35.703,170.13,91.213,140.7,136.67,59.013999999999996,124.05,51.428999999999995,49.233999999999995,74.181
2017-05-10,257.92,60.103,,13.508,64.17,107.12,78.134,14.85,23.95,32.591,39.97,35.095,125.58,140.31,85.693,27.98,27.995,141.68,53.696999999999996,48.446999999999996,27.011999999999997,76.705,49.79,36.66,41.833999999999996,41.708,35.918,170.28,91.461,140.42,136.94,59.17,123.74,51.593999999999994,49.31,73.965
2017-05-11,254.15,59.958,,13.475,64.32,107.04,78.626,14.45,23.766,32.477,40.282,34.783,125.36,140.17,85.64399999999999,27.878,28.073,144.12,53.382,48.589,27.0,76.485,49.7,36.622,41.618,41.349,35.908,170.21,91.31200000000001,139.52,137.0,58.799,123.57,51.516999999999996,49.378,74.005
2017-05-12,254.84,59.184,,13.542,63.98,107.15,79.08,14.79,23.493000000000002,32.01,40.896,34.626999999999995,125.02,140.6,85.32700000000001,27.695999999999998,28.073,143.01,53.342,48.332,26.811,76.744,49.37,36.547,41.205,41.111000000000004,35.954,168.72,91.93700000000001,139.16,136.67,58.505,122.69,51.388999999999996,49.618,73.877
2017-05-15,258.53,58.913999999999994,,13.542,64.86,106.6,79.175,15.9,23.96,32.2,41.02,34.724000000000004,126.12,141.35,85.80799999999999,27.878,28.363000000000003,143.75,52.917,48.599,26.781999999999996,77.061,49.77,37.019,41.283,41.718999999999994,36.049,168.44,92.432,139.19,137.23,58.974,123.33,51.839,49.828,74.358
2017-05-16,257.64,59.193999999999996,,13.517000000000001,67.09,105.47,78.738,15.65,24.213,31.819000000000003,41.048,34.91,125.99,142.33,85.48100000000001,27.898000000000003,28.499000000000002,143.35,51.943999999999996,48.229,26.673000000000002,76.207,50.34,38.209,41.027,41.538000000000004,35.674,165.11,92.354,138.63,136.95,59.063,123.22,51.849,49.464,74.075
2017-05-17,251.34,57.791000000000004,,12.95,62.95,103.85,79.232,14.99,23.123,30.866999999999997,40.869,34.149,123.87,138.09,86.447,27.535999999999998,27.734,140.51,50.98,47.148,26.105999999999998,75.363,49.05,37.878,40.554,40.988,34.992,165.83,91.137,136.26,136.65,57.293,120.72,50.755,49.588,73.10300000000001
2017-05-18,252.81,59.038999999999994,,13.242,63.55,104.2,79.681,15.16,23.162,30.914,40.879,34.324,123.67,138.94,87.07600000000001,27.63,27.666,139.91,50.861999999999995,47.215,26.293000000000003,75.24600000000001,49.11,38.171,41.372,40.893,35.45,168.36,91.087,137.02,136.63,57.468999999999994,120.81,50.785,49.762,73.426
2017-05-19,250.09,59.483999999999995,,13.4,64.7,105.04,79.797,14.94,23.513,31.151999999999997,41.218999999999994,34.5,123.9,139.63,87.19200000000001,27.653000000000002,28.334,151.35,50.95,48.74,26.543000000000003,75.925,49.39,39.086999999999996,41.51,41.501000000000005,35.722,169.49,91.852,137.85,137.39,57.898999999999994,122.38,51.224,49.952,73.631
2017-05-22,250.04,60.013999999999996,,13.367,65.07,105.14,80.49600000000001,15.25,23.718000000000004,31.343000000000004,40.936,34.86,125.65,140.98,88.06,27.771,28.383000000000003,153.73,50.753,48.958,26.695,76.217,49.77,39.796,41.667,42.062,35.732,171.56,92.675,138.7,138.23,58.104,123.25,51.283,50.38399999999999,73.83
2017-05-23,248.1,59.888999999999996,,13.692,64.99,104.54,80.687,15.25,24.057,31.628,40.613,34.949,127.62,141.0,88.725,27.888,28.324,157.28,51.373000000000005,49.498000000000005,26.703000000000003,75.819,50.13,39.541,41.913999999999994,42.26,35.788000000000004,172.08,93.22200000000001,138.06,138.49,58.593999999999994,123.58,51.321999999999996,50.519,74.075
2017-05-24,253.33,60.376999999999995,,13.667,65.39,105.21,81.06,15.06,23.804000000000002,31.61,40.604,35.202,136.18,141.58,89.42200000000001,27.938000000000002,28.596,159.48,51.18600000000001,50.02,26.752,75.955,51.05,39.201,41.225,42.175,35.638000000000005,172.44,94.166,138.58,139.11,58.545,123.58,51.663999999999994,50.806999999999995,74.26
2017-05-25,252.97,61.106,,13.292,65.84,104.79,81.491,14.74,23.794,31.038,40.245,35.338,136.71,142.76,89.635,28.162,28.857,160.6,51.521,48.958,26.801,75.12,50.93,39.097,41.215,41.81399999999999,35.713,174.86,94.39399999999999,139.73,139.98,58.662,124.17,51.604,51.218,74.613
2017-05-26,250.8,61.68,,12.817,66.43,105.9,81.425,14.86,23.590999999999998,31.485,40.339,35.338,136.91,142.87,89.807,28.142,29.06,159.45,51.757,48.986999999999995,26.989,75.139,51.19,38.71,41.42100000000001,41.672,35.609,174.31,94.027,140.27,140.36,58.614,124.29,51.703,51.218,74.476
2017-05-30,246.54,62.051,,12.408,65.86,105.83,81.749,14.96,23.386999999999997,31.921999999999997,41.038000000000004,35.26,138.4,143.17,89.296,28.06,29.031,160.35,52.082,47.243,26.989,74.71300000000001,51.06,39.012,41.53,41.301,36.01,173.42,94.07600000000001,140.35,140.24,58.144,124.07,51.693000000000005,51.382,74.368
2017-05-31,247.77,62.372,,12.092,65.95,105.43,82.008,14.99,23.086,32.306,41.813,35.192,138.99,142.67,89.045,28.232,28.866999999999997,161.32,52.151,47.082,26.95,73.84899999999999,52.21,38.077,41.88399999999999,40.968999999999994,35.993,172.04,94.583,140.7,140.55,57.754,124.29,51.849,51.641000000000005,74.663
2017-06-01,252.38,63.666000000000004,,12.317,67.99,105.7,82.697,15.37,23.366999999999997,32.781,41.87,35.202,139.67,143.16,89.55799999999999,28.56,28.935,164.4,51.647,47.81100000000001,27.388,74.344,53.16,38.398,42.318000000000005,41.073,36.31,176.35,94.75200000000001,142.18,141.76,58.565,125.4,52.474,52.006,75.488
2017-06-02,256.62,63.735,,11.883,67.48,104.7,82.58200000000001,15.41,22.987,32.799,41.946000000000005,35.396,141.12,144.73,90.338,28.500999999999998,29.07,164.19,52.318999999999996,46.958,27.368000000000002,74.101,53.52,38.54,42.347,40.408,36.31,176.16,95.49700000000001,142.78,142.19,58.33,126.06,52.601000000000006,52.063,75.97800000000001
2017-06-05,258.5,63.336999999999996,,11.792,68.17,104.05,82.15100000000001,15.47,23.046999999999997,32.809,41.757,35.416,140.96,144.74,90.242,28.29,28.973000000000003,164.38,52.348,46.74100000000001,27.334,74.577,53.8,38.171,42.003,40.153,36.254,176.14,95.89399999999999,142.36,142.32,58.33,125.54,52.435,51.901,75.763
2017-06-06,257.16,62.623999999999995,,12.042,68.85,103.05,82.132,15.79,22.967,32.781,41.61600000000001,35.211999999999996,139.96,144.55,90.021,28.011999999999997,28.964000000000002,160.46,51.825,47.385,27.079,74.752,53.4,38.691,41.126000000000005,40.428000000000004,36.179,177.58,95.139,141.24,141.81,58.037,124.68,52.464,51.786,75.575
2017-06-07,255.43,62.595,,11.842,69.57,103.47,82.4,15.54,23.217,33.061,41.577,35.338,140.28,144.91,90.561,28.048000000000002,28.944000000000003,160.11,52.566,46.31399999999999,27.229,74.675,53.85,38.955999999999996,42.062,40.323,36.207,179.92,95.43799999999999,141.61,141.79,58.525,124.44,52.532,51.957,75.783
2017-06-08,257.17,62.623999999999995,,12.05,71.16,101.9,81.72,15.82,23.658,32.838,41.398,35.552,141.02,145.51,89.402,28.315,29.041,160.67,52.537,45.953,27.448,75.102,54.39,39.777,43.155,39.924,35.964,178.43,95.43799999999999,140.94,140.84,59.316,125.11,52.68899999999999,51.527,75.566
2017-06-09,259.89,61.661,,12.308,67.3,103.17,82.045,15.26,24.368000000000002,33.061,41.133,34.802,138.56,141.05,87.72200000000001,28.625999999999998,28.944000000000003,161.9,52.794,46.865,27.448,77.206,53.4,39.418,43.843999999999994,40.21,36.235,178.2,93.917,140.35,140.78,60.45,125.65,53.364,51.478,76.077
2017-06-12,262.11,61.905,,12.467,64.6,104.56,81.95,14.99,24.495,33.387,41.001000000000005,34.821,138.09,140.13,88.12799999999999,28.71,28.663,160.29,53.356,47.375,27.596999999999998,77.828,52.16,38.766,44.178999999999995,40.123000000000005,36.497,176.04,92.865,140.25,140.66,60.588,126.15,53.158,51.382,75.97800000000001
2017-06-13,261.42,62.361999999999995,,12.908,65.02,104.09,82.26700000000001,15.13,24.631,33.223,40.936,34.967,138.23,141.3,88.455,28.793000000000003,29.128,160.67,53.632,47.583,27.715999999999998,78.235,52.06,38.88,44.888000000000005,39.961999999999996,36.133,177.81,94.434,141.27,140.9,60.831,126.66,53.821999999999996,51.507,76.134
2017-06-14,253.37,63.044,,12.475,64.1,103.69,82.62,15.17,24.874000000000002,33.319,41.236999999999995,34.626999999999995,138.54,140.31,88.33,28.906,28.875999999999998,161.88,53.978,47.18600000000001,27.518,76.44,51.9,37.68,44.82899999999999,39.743,36.17,179.08,94.67200000000001,141.24,141.78,60.92100000000001,126.39,53.255,51.786,76.498
2017-06-15,255.02,63.763999999999996,,12.342,62.97,103.53,83.22200000000001,14.99,24.778000000000002,33.309,41.056999999999995,34.412,138.35,139.61,88.514,28.975,28.373,162.41,52.24,46.418,27.568,76.73100000000001,52.29,37.17,44.917,39.031,36.282,177.88,93.53,140.6,141.36,60.695,126.95,52.787,52.082,76.419
2017-06-16,251.74,63.901,,12.075,62.61,103.06,83.405,15.13,24.768,33.010999999999996,41.426,34.315,137.84,139.33,86.35,29.078000000000003,28.479,158.37,50.461999999999996,48.305,27.531,78.536,51.82,37.123000000000005,44.701,39.515,36.395,179.1,93.53,140.37,139.88,60.626000000000005,127.24,53.015,52.321000000000005,76.546
2017-06-19,260.54,64.562,,12.025,64.86,102.93,83.166,15.18,24.884,33.068000000000005,41.388999999999996,34.607,139.1,141.78,86.77600000000001,29.090999999999998,28.518,160.27,51.371,47.583,27.739,78.827,52.93,37.076,44.661,39.431,36.348,180.48,94.146,141.52,140.51,61.126000000000005,128.01,53.43600000000001,52.148,77.344
2017-06-20,266.0,63.958,,11.842,63.1,101.53,83.186,15.09,24.854,33.117,41.011,33.973,138.52,140.63,86.225,28.904,28.315,159.5,50.917,45.016999999999996,27.180999999999997,77.187,52.52,35.895,43.617,39.126,36.114000000000004,180.73,93.73899999999999,139.74,139.94,60.568999999999996,126.57,53.141999999999996,52.176,77.59899999999999
2017-06-21,278.6,64.669,,11.342,64.89,102.38,82.86,15.01,24.689,32.857,41.236999999999995,33.7,138.6,141.64,86.34200000000001,28.633000000000003,28.218000000000004,161.38,51.934,44.931000000000004,27.311,76.546,53.54,36.198,43.794,38.937,35.638000000000005,182.34,93.897,139.9,139.45,60.089,125.61,52.583,51.86600000000001,78.585
2017-06-22,280.57,63.948,,11.35,64.93,101.8,82.58200000000001,15.59,24.445999999999998,32.915,41.747,33.486999999999995,138.34,142.02,86.051,28.511,28.14,164.06,51.746,45.291000000000004,27.230999999999998,76.566,53.87,36.566,43.617,39.012,35.591,183.9,93.311,139.78,138.66,59.757,125.4,52.641999999999996,51.625,79.402
2017-06-23,280.32,64.689,,11.792,66.01,101.94,82.27600000000001,15.67,23.979,32.925,41.87,33.321,138.75,143.08,85.81,28.480999999999998,28.285999999999998,165.43,52.191,46.617,27.500999999999998,77.88600000000001,54.33,37.0,43.903,40.2,35.45,182.67,94.93,139.9,138.69,59.513000000000005,125.85,52.848,51.451,79.285
2017-06-26,279.81,64.25,,12.192,65.05,103.12,82.984,15.67,24.135,33.233000000000004,41.662,33.203,136.75,142.07,85.896,28.61,28.412,166.08,52.615,47.897,27.788,77.857,53.74,37.104,43.843999999999994,40.931,35.638000000000005,182.54,94.573,140.28,139.35,59.824,125.96,53.005,51.8,79.206
2017-06-27,271.25,63.327,,12.133,63.78,102.97,82.027,15.41,24.398000000000003,32.935,41.512,32.794000000000004,133.69,139.51,84.515,28.613000000000003,28.285999999999998,165.17,52.288999999999994,48.028999999999996,27.59,78.148,52.73,37.963,43.361000000000004,41.169,35.217,182.04,94.256,139.31,138.07,60.148,125.05,52.681000000000004,51.218,78.487
2017-06-28,274.64,64.34899999999999,,12.575,64.94,104.38,81.329,15.74,24.926,33.29,41.313,33.330999999999996,133.77,141.28,84.815,28.97,28.528000000000002,165.1,52.693999999999996,48.239,28.000999999999998,79.362,54.39,38.889,43.873000000000005,41.681999999999995,35.441,183.12,95.57600000000001,140.67,138.63,61.06,126.29,53.162,50.725,78.9
2017-06-29,271.88,63.423,,12.758,63.28,103.26,80.428,15.48,25.491999999999997,33.56,40.896,32.687,131.53,138.71,82.82600000000001,28.95,28.015,162.15,52.507,48.826,27.65,79.438,53.42,39.522,43.076,41.548,35.141999999999996,182.69,93.77799999999999,139.45,137.02,61.453,125.31,52.523999999999994,50.318999999999996,78.181
2017-06-30,271.36,63.832,,12.45,62.72,103.8,80.007,15.21,25.375,33.628,40.765,32.882,131.24,138.56,82.71,28.851999999999997,28.101999999999997,163.04,58.263000000000005,49.431999999999995,27.749000000000002,80.234,53.67,39.966,42.928000000000004,40.741,35.245,182.84,93.14299999999999,140.18,137.42,61.403999999999996,126.32,52.809,50.243,78.07300000000001
2017-07-03,272.52,63.52,,12.842,63.22,104.98,79.74,14.985,25.894000000000002,34.244,40.433,32.609,130.09,137.16,81.579,29.177,28.179000000000002,163.05,57.918,49.309,27.878,80.865,52.83,41.185,43.175,41.49100000000001,35.599000000000004,184.05,92.715,139.93,137.32,62.229,127.08,53.27,50.011,78.211
2017-07-05,277.71,64.77600000000001,,12.425,63.32,103.18,79.721,14.96,25.991,33.705,40.329,33.467,130.43,138.68,80.922,29.059,28.266,163.76,56.842,48.097,27.699,79.885,54.61,40.891999999999996,42.849,41.397,35.609,185.63,93.37100000000001,139.39,137.01,62.367,127.34,53.093999999999994,49.769,78.67399999999999
2017-07-06,271.96,63.744,,12.275,62.59,101.71,79.64399999999999,14.72,25.874000000000002,33.57,39.952,32.774,129.89,137.49,79.986,28.954,28.101999999999997,161.59,56.446000000000005,49.849,27.531,79.458,53.47,40.751,42.288000000000004,41.568000000000005,35.183,184.34,92.616,137.82,136.24,61.855,126.11,52.858000000000004,49.748999999999995,77.65899999999999
2017-07-07,273.93,64.085,,12.125,63.7,101.68,79.845,15.38,25.894000000000002,33.637,39.952,33.018,130.67,139.3,80.19800000000001,29.18,28.489,163.17,57.256,48.986999999999995,27.62,80.14699999999999,53.97,41.09,42.14,42.203,34.994,185.34,93.281,138.98,136.28,62.199,127.03,53.132,49.788000000000004,78.053
2017-07-10,273.58,64.095,,12.442,63.95,101.94,79.625,15.43,25.756999999999998,33.876999999999995,39.905,32.789,130.64,140.45,79.937,29.108,28.721,163.2,57.997,48.332,27.768,80.01100000000001,54.94,41.77,41.894,41.738,34.852,184.35,94.443,139.15,135.32,62.14,127.25,53.466,49.748999999999995,77.905
2017-07-11,271.76,64.007,,13.175,64.3,102.19,79.615,15.36,25.611,34.08,39.715,33.056999999999995,131.13,141.08,80.884,28.954,28.712,163.69,57.455,48.218999999999994,27.759,79.913,54.76,42.243,41.598,41.558,34.635,183.37,94.762,139.04,134.87,61.758,127.23,53.386,49.72,77.817
2017-07-12,275.08,64.223,,12.992,64.63,102.72,80.381,15.49,25.531999999999996,34.176,40.196,33.379,132.24,142.86,81.80199999999999,29.068,29.138,164.82,57.494,49.328,27.838,79.797,56.55,42.214,41.342,42.156000000000006,34.852,184.09,95.52600000000001,140.0,135.65,61.855,128.03,54.006,50.146,78.348
2017-07-13,278.36,64.415,,13.117,64.92,102.63,79.797,15.5,25.708000000000002,34.523,40.179,33.369,131.17,143.28,81.947,29.182,29.39,164.81,57.217,49.716,27.828000000000003,79.292,57.9,42.092,41.815,42.193000000000005,34.266999999999996,182.9,95.288,140.15,135.77,62.17,127.96,53.946000000000005,49.971000000000004,78.417
2017-07-14,280.81,64.007,,13.142000000000001,65.53,103.42,80.247,15.49,25.502,34.995,40.415,33.797,131.65,144.59,82.72,29.249000000000002,29.574,165.97,57.276,50.381,28.028000000000002,79.759,57.16,42.667,42.229,43.021,34.35,184.3,96.27,140.59,136.71,61.905,128.44,54.222,50.203,78.95
2017-07-17,282.65,65.244,,13.042,65.3,103.12,80.428,15.5,25.581,35.023,39.952,33.594,131.83,144.58,82.67,29.295,29.593000000000004,166.58,57.068999999999996,50.769,28.158,79.38,57.58,42.931999999999995,42.505,43.343,34.436,183.77,96.17200000000001,140.85,136.88,61.817,128.46,54.32899999999999,50.43600000000001,78.664
2017-07-18,282.6,64.98100000000001,,13.0,61.72,104.07,80.582,15.62,25.249000000000002,35.071999999999996,40.113,33.652,132.41,145.24,82.67,29.255,29.641,163.9,56.931000000000004,50.769,28.174,79.525,58.96,42.96,42.347,43.208999999999996,34.058,184.25,96.916,141.38,136.92,61.669,128.1,54.105,50.581,78.723
2017-07-19,281.95,65.001,,13.825,63.67,105.12,80.735,15.91,25.229,35.111,40.103,33.681,133.94,146.13,82.758,29.468000000000004,29.574,163.34,57.049,51.54600000000001,28.605999999999998,80.456,58.35,42.847,43.854,43.29600000000001,34.191,186.56,97.58200000000001,142.13,137.47,61.797,128.48,54.625,50.794,79.362
2017-07-20,281.44,65.788,,13.517000000000001,63.84,105.65,81.29,15.86,24.926,35.052,40.433,33.867,134.13,146.25,82.96,29.55,29.631999999999998,163.56,58.363,51.925,28.766,79.913,59.09,42.073,43.321999999999996,42.83,34.559,188.84,97.44200000000001,141.97,137.55,61.827,127.91,54.222,51.161,79.885
2017-07-21,282.92,65.225,,13.275,63.34,105.39,81.547,15.76,25.601,34.725,40.329,33.847,133.59,145.84,83.212,29.651,29.709,164.4,59.202,51.603,28.756,80.39,58.67,41.695,41.51,42.65,34.55,189.11,98.92299999999999,141.97,137.86,61.768,127.54,54.232,51.528999999999996,79.798
2017-07-24,284.7,65.215,,13.442,63.07,105.3,80.926,15.95,25.854,34.484,39.931999999999995,33.623000000000005,134.99,146.41,83.26899999999999,29.78,29.932,165.21,58.214,52.00899999999999,28.766,80.195,58.6,41.468,41.076,42.849,34.284,188.23,99.69,141.62,137.51,61.983999999999995,127.17,54.181999999999995,51.045,79.768
2017-07-25,282.96,65.37100000000001,,14.067,64.06,104.73,80.219,16.08,26.011,34.244,39.668,33.788000000000004,135.58,146.08,84.429,30.003,30.076999999999998,166.1,58.648999999999994,52.863,28.669,81.943,58.26,43.386,41.096000000000004,43.258,34.275,187.76,99.307,142.59,138.59,62.788000000000004,127.2,54.761,50.755,79.196
2017-07-26,295.61,64.932,,13.925,64.49,105.24,80.831,15.86,25.601,34.292,38.618,33.867,135.87,146.22,84.65899999999999,29.668000000000003,29.932,164.83,57.631,52.683,28.785999999999998,81.21300000000001,58.77,43.471000000000004,40.919000000000004,43.011,35.988,188.1,100.17,142.59,138.38,62.306999999999995,127.09,54.428000000000004,51.238,78.93
2017-07-27,287.95,64.581,,14.142000000000001,63.5,108.25,81.405,15.53,25.561,34.599000000000004,38.524,34.08,135.61,144.57,85.17299999999999,29.478,29.767,161.04,57.425,53.659,29.144000000000002,81.999,60.15,43.32899999999999,40.624,42.773,37.294000000000004,186.31,98.89399999999999,143.42,139.48,62.013000000000005,126.52,54.232,51.364,78.388
2017-07-28,287.44,64.64,,14.092,62.16,108.21,81.27,15.28,25.796,34.437,38.694,34.412,134.38,144.55,84.64200000000001,29.826,29.864,161.02,57.937,53.507,29.224,81.166,59.19,44.028,40.801,42.782,36.907,188.49,98.476,142.48,138.37,61.974,126.7,54.035,51.287,78.782
2017-07-31,289.59,65.01100000000001,,13.967,61.44,108.18,81.471,14.63,26.109,34.639,38.305,34.568000000000005,135.94,143.59,84.46700000000001,29.96,29.951,160.39,58.313,53.613,28.875,81.262,58.55,44.755,40.801,42.925,36.907,189.14,98.884,142.33,138.27,62.376999999999995,126.55,53.623000000000005,51.46,78.71300000000001
2017-08-01,291.15,65.691,,12.883,63.08,108.85,81.52,14.69,26.323,33.464,38.391,35.426,136.14,144.22,83.704,30.103,30.038,159.78,59.093999999999994,53.763999999999996,28.974,83.087,59.34,44.519,41.165,42.849,36.792,189.56,100.19,142.67,138.07,62.838,126.27,53.662,51.75,78.535
2017-08-02,288.0,65.711,,12.875,63.37,106.94,82.065,14.8,26.363000000000003,33.522,38.524,35.708,135.27,144.78,83.897,30.074,30.862,158.15,59.044,52.465,28.526,84.095,59.12,43.461000000000006,40.092,43.248000000000005,36.215,190.32,100.59,142.15,137.97,62.838,126.62,53.711999999999996,51.972,78.358
2017-08-03,286.09,65.633,,12.458,59.0,107.39,82.802,14.52,26.304000000000002,33.474000000000004,38.467,35.826,135.87,144.25,83.55,30.025,30.91,153.92,59.39,51.73,28.386999999999997,83.10700000000001,58.42,43.622,39.816,43.419,36.224000000000004,192.06,99.91,141.91,137.73,62.563,127.1,53.31,52.233999999999995,78.487
2017-08-04,288.27,66.013,,12.95,57.43,105.98,82.774,14.36,26.569000000000003,33.955,38.315,35.639,135.64,144.73,83.695,30.116,31.414,153.28,59.013999999999996,51.422,28.185,83.057,58.86,44.236000000000004,39.974000000000004,43.693999999999996,36.366,192.17,100.21,142.08,137.35,62.946000000000005,127.5,53.565,52.001999999999995,78.309
2017-08-07,291.01,66.19800000000001,,12.833,57.55,104.66,82.56200000000001,14.39,26.433000000000003,33.983000000000004,38.098,35.768,135.39,145.68,84.042,30.061999999999998,31.578000000000003,154.26,59.044,50.981,28.206999999999997,82.54299999999999,59.62,45.199,39.728,43.4,36.452,192.07,100.8,142.35,138.33,62.896,127.46,53.593999999999994,52.167,78.477
2017-08-08,289.26,66.22800000000001,,12.792,56.76,105.28,82.88799999999999,14.14,26.842,34.07,37.957,35.748000000000005,134.92,145.51,83.212,30.058000000000003,31.433000000000003,155.82,58.718,50.481,27.968000000000004,82.495,59.48,44.67,39.314,42.526,36.3,192.19,100.59,142.24,137.81,62.788000000000004,127.14,53.17100000000001,52.378,78.112
2017-08-09,288.74,66.354,,12.875,56.9,101.2,82.506,14.21,26.539,33.965,37.832,35.925,135.56,145.48,83.50200000000001,29.97,31.142,152.86,59.153,50.683,27.833000000000002,81.98,59.67,44.641000000000005,39.265,42.782,36.3,192.12,100.29,141.68,137.95,62.67100000000001,126.99,53.22,52.108000000000004,78.20100000000001
2017-08-10,281.15,65.594,,12.592,55.46,99.74,82.68799999999999,13.89,25.796,33.579,37.229,35.482,133.91,142.27,82.95,29.724,30.397,149.69,58.333,50.155,27.471,81.156,58.02,43.876999999999995,39.402,42.621,36.139,189.89,98.814,139.43,137.38,61.551,125.23,52.611999999999995,52.273,77.225
2017-08-11,283.68,65.691,,12.5,55.13,100.37,82.027,14.01,25.531999999999996,33.628,37.124,35.218,135.34,143.47,83.51,29.635,30.397,148.62,58.233000000000004,50.346000000000004,27.709,80.961,58.04,43.141999999999996,39.166,42.913999999999994,36.054,190.34,99.41,140.19,137.52,61.208,125.38,52.485,51.963,77.441
2017-08-14,286.05,66.22800000000001,,12.017000000000001,56.75,99.79,82.429,14.2,26.09,34.147,37.334,35.679,137.6,145.8,84.042,29.864,30.862,147.72,59.034,50.26,27.704,81.388,59.06,43.287,39.372,42.827,36.433,191.02,101.18,141.13,138.2,62.092,126.73,52.975,52.263999999999996,77.964
2017-08-15,287.92,66.889,,12.1,55.76,99.9,83.166,13.91,26.423000000000002,34.214,37.277,35.345,136.18,146.08,83.772,29.822,31.016,147.9,57.82899999999999,48.943999999999996,27.594,81.195,59.69,42.755,38.791,42.268,36.111,191.79,101.93,139.92,138.84,62.208999999999996,126.38,52.985,52.553999999999995,77.964
2017-08-16,294.08,67.045,,11.908,56.07,100.57,83.465,14.06,26.237,34.417,37.555,35.158,136.63,146.5,84.141,29.805999999999997,31.259,146.28,57.81100000000001,48.618,27.575,81.243,60.29,43.751999999999995,38.704,41.861999999999995,36.177,191.08,102.78,140.44,139.25,62.071999999999996,126.54,53.506,52.766000000000005,78.181
2017-08-17,284.371,65.721,,11.725,54.75,99.77,83.039,13.99,25.678,33.695,37.373000000000005,34.53,133.21,143.5,82.789,29.319000000000003,30.833000000000002,145.49,56.743,48.378,27.191,79.149,59.29,42.861999999999995,38.083,41.998000000000005,35.582,190.02,101.63,138.23,137.98,60.943999999999996,124.33,52.691,52.388000000000005,77.205
2017-08-18,281.77,65.672,,11.875,54.63,99.103,83.53299999999999,13.98,25.747,33.531,37.086,34.373000000000005,132.86,143.35,82.186,29.255,30.997,144.67,54.263999999999996,48.925,27.151,79.805,59.44,43.17100000000001,38.053000000000004,41.92,35.365,188.16,101.98,137.55,137.52,60.903999999999996,123.88,52.71,52.698,76.851
2017-08-21,283.15,66.685,,11.9,54.25,99.56,83.726,13.77,25.63,33.608000000000004,37.019,34.285,134.66,143.13,82.245,29.186,31.104,144.81,52.94,48.963,27.151,80.138,59.4,43.713,38.398,41.071000000000005,35.562,189.36,102.68,137.79,138.05,60.717,123.95,52.75899999999999,52.891999999999996,77.195
2017-08-22,286.72,66.48,,11.975,54.93,101.14,83.698,14.27,26.031,33.983000000000004,37.449,34.02,136.86,145.41,82.73100000000001,29.359,31.500999999999998,146.92,53.455,50.806999999999995,27.480999999999998,80.46,60.84,44.632,38.378,41.602,35.942,192.08,103.53,139.19,138.3,61.336000000000006,125.3,53.446000000000005,53.008,78.131
2017-08-23,282.64,66.313,,12.017000000000001,55.73,99.89,84.01700000000001,14.4,26.011,34.166,37.631,34.03,134.27,145.17,82.439,29.281999999999996,31.598000000000003,145.85,52.94,51.239,27.221,80.587,60.05,45.753,37.757,42.016999999999996,35.883,191.54,102.65,138.19,137.8,61.208,124.25,53.349,53.181999999999995,77.541
2017-08-24,285.45,66.764,,12.083,55.34,99.91,83.91,14.48,26.256,34.196,37.765,34.078,134.06,145.04,80.542,29.166999999999998,31.859,145.53,53.168,51.365,27.271,82.066,60.0,46.023999999999994,37.787,41.93,35.658,192.04,102.68,137.93,135.99,61.247,123.89,53.25,53.143,77.767
2017-08-25,285.06,66.75399999999999,,12.2,55.33,100.78,84.35600000000001,14.5,26.08,34.272,37.775,34.04,136.07,144.91,80.348,29.331,32.159,146.23,53.227,51.547,27.351,81.625,59.97,46.121,38.181999999999995,42.056000000000004,35.95,191.66,102.81,138.3,136.31,61.403999999999996,124.47,53.416000000000004,53.318000000000005,77.78699999999999
2017-08-28,292.3,67.127,,12.075,55.68,100.93,84.539,14.46,26.000999999999998,34.186,37.765,34.01,136.61,145.25,79.90100000000001,29.033,32.053000000000004,146.97,53.06,50.865,27.361,81.85,60.53,46.45,38.222,42.093999999999994,35.902,192.38,103.24,138.4,135.91,61.09,124.53,53.496,53.413999999999994,78.20100000000001
2017-08-29,293.58,66.695,,12.075,56.05,100.94,84.616,14.52,25.678,34.196,37.631,34.098,136.72,145.87,79.219,28.888,31.965,145.87,52.071999999999996,51.125,27.371,81.704,61.01,46.527,38.299,42.354,35.817,194.0,103.23,138.13,136.35,60.787,125.41,53.24,53.298,78.348
2017-08-30,303.75,67.117,,11.95,57.69,101.24,84.40299999999999,14.71,25.718000000000004,34.484,38.033,34.255,138.68,147.26,79.696,28.898000000000003,32.071999999999996,145.7,51.905,51.88399999999999,27.575,81.801,61.77,46.333999999999996,38.863,42.172,35.648,193.16,103.19,139.05,136.5,61.06,125.93,53.632,53.143,78.753
2017-08-31,316.56,68.03699999999999,,12.125,57.98,99.59,84.42299999999999,14.77,25.551,35.177,38.503,34.431999999999995,140.13,148.53,78.54899999999999,28.96,32.653,148.29,52.33,52.028,27.633000000000003,82.006,61.68,47.465,38.992,42.778999999999996,35.448,196.14,102.98,139.93,136.59,61.12,126.58,54.045,53.153,80.093
2017-09-01,321.01,67.695,,12.317,58.83,99.89,84.219,14.89,25.825,35.967,38.474000000000004,34.452,140.58,148.47,78.646,29.013,33.098,148.39,52.875,52.479,27.868000000000002,82.61399999999999,61.46,47.9,39.367,42.778999999999996,35.467,196.97,103.36,140.66,137.11,61.385,126.91,54.398,52.988,80.03399999999999
2017-09-05,315.83,65.579,,11.917,57.9,99.99,84.529,14.77,25.219,35.841,38.177,34.383,140.22,147.04,78.937,28.059,32.566,146.8,52.528999999999996,52.691,27.531,81.45,61.27,47.233000000000004,38.626,42.721000000000004,35.099000000000004,196.54,102.48,140.0,137.3,59.942,125.6,53.78,53.123000000000005,79.688
2017-09-06,317.36,65.569,,11.992,56.93,99.89,84.12299999999999,14.78,25.199,36.266,38.283,35.109,139.83,147.34,79.112,28.131,32.944,151.04,52.28,54.122,27.719,81.567,61.24,47.533,38.726,43.03,34.606,195.62,102.65,140.72,137.74,60.068999999999996,125.74,53.917,52.882,80.074
2017-09-07,323.9,64.296,,12.0,56.5,95.51700000000001,84.462,15.77,24.416999999999998,35.896,38.426,34.894,139.72,147.8,79.23899999999999,27.45,33.476,154.77,51.915,54.246,27.361,82.23299999999999,62.0,47.9,38.359,42.77,33.688,196.16,104.02,139.66,138.06,59.048,125.7,54.006,53.278,80.959
2017-09-08,326.53,64.209,,11.842,55.92,95.527,84.88799999999999,16.01,24.544,35.983000000000004,38.33,34.54,140.24,146.43,79.492,28.214000000000002,33.244,155.86,51.726000000000006,54.006,27.141,82.87799999999999,61.13,46.681999999999995,38.399,42.364,33.68,195.74,103.89,139.25,137.24,59.626999999999995,126.31,53.986000000000004,53.53,81.324
2017-09-11,326.54,66.245,,12.2,57.33,95.54700000000001,85.429,16.41,25.131,36.323,38.54,35.119,141.31,148.43,80.298,28.826,34.821999999999996,158.15,52.548,54.29600000000001,27.226,83.35700000000001,62.64,47.62,38.531,42.606,33.821,197.55,105.61,140.04,138.09,60.687,127.3,54.692,53.983999999999995,81.955
2017-09-12,329.69,66.764,,12.792,57.01,96.335,84.40299999999999,16.51,25.601,36.848,38.637,35.433,141.06,148.64,79.939,29.115,35.277,155.28,52.913999999999994,53.882,27.311,83.88600000000001,62.56,48.026,38.774,42.827,34.313,195.47,105.67,140.85,138.32,61.473,128.11,55.153999999999996,53.085,82.131
2017-09-13,324.03,66.998,,12.917,56.82,97.249,83.91,16.89,25.747,37.161,38.376999999999995,35.669000000000004,140.74,148.53,79.676,29.095,35.839,156.6,53.034,54.256,27.311,84.492,62.04,47.233000000000004,39.041,42.895,34.588,196.32,105.29,141.78,138.41,61.581,127.92,55.13399999999999,52.824,81.82600000000001
2017-09-14,323.66,67.312,,13.05,57.2,96.345,84.616,17.03,25.726999999999997,37.724000000000004,38.617,35.816,140.76,148.0,79.063,28.898000000000003,36.139,150.64,53.242,54.641000000000005,27.101,84.384,62.24,46.382,38.606,42.943000000000005,34.37,195.72,105.54,141.28,138.11,61.356,128.37,55.32,53.269,81.935
2017-09-15,321.26,64.57,,13.067,57.85,96.955,84.42299999999999,17.34,25.933000000000003,37.811,38.512,36.326,140.81,148.48,79.209,29.075,36.652,148.86,53.381,53.988,27.230999999999998,85.78299999999999,62.5,46.063,38.783,42.847,35.108000000000004,196.17,104.76,141.05,138.48,61.59,128.94,55.32,53.347,81.668
2017-09-18,318.18,63.836000000000006,,13.217,55.71,96.541,83.223,17.18,26.275,37.53,38.33,36.326,142.47,148.47,79.18,29.05,37.446,147.4,53.013999999999996,53.891999999999996,27.241,86.41,62.92,46.653,38.259,42.86600000000001,35.411,196.18,104.29,140.66,138.64,62.239,129.76,55.626999999999995,52.802,81.648
2017-09-19,317.93,63.865,,13.3,56.82,96.866,83.146,17.14,26.579,37.637,38.205999999999996,36.553000000000004,143.99,148.96,78.626,29.109,38.037,147.35,52.845,53.901,27.291,87.17299999999999,63.83,46.856,38.102,42.75,36.158,192.67,104.87,140.53,138.25,62.652,129.99,55.913999999999994,52.695,81.005
2017-09-20,319.0,63.141000000000005,,13.6,55.12,97.633,82.39200000000001,16.98,26.804000000000002,37.811,38.454,36.396,143.62,148.05,77.693,29.244,37.204,149.16,53.074,53.882,27.401,87.15299999999999,64.74,46.247,38.071999999999996,42.248000000000005,36.366,193.76,104.43,141.0,137.09,63.063,130.9,56.111000000000004,52.303999999999995,81.084
2017-09-21,315.03,63.111000000000004,,13.375,54.15,97.319,82.354,16.84,26.93,38.025,38.597,36.523,143.16,147.23,76.846,29.243000000000002,36.749,151.52,52.707,52.891999999999996,27.340999999999998,87.22200000000001,64.63,46.276,35.364000000000004,42.026,36.168,193.23,104.77,140.67,135.74,63.24,131.27,55.99100000000001,52.294,80.669
2017-09-22,318.46,62.994,,13.558,53.44,97.03299999999999,81.473,16.88,26.705,38.336999999999996,38.836999999999996,36.503,144.96,147.18,75.406,29.326,35.916,152.96,52.757,52.54600000000001,27.461,87.956,65.08,46.247,35.818000000000005,42.297,36.518,191.07,105.02,140.92,135.41,63.278999999999996,131.68,55.794,51.865,80.669
2017-09-25,317.51,62.181999999999995,,13.933,51.06,97.98700000000001,82.334,16.73,26.539,39.193000000000005,38.904,36.483000000000004,143.4,145.21,76.282,29.349,34.861,153.46,52.747,53.315,27.430999999999997,89.052,63.5,45.531000000000006,36.283,43.271,37.02,189.8,102.49,140.63,136.36,63.221000000000004,131.85,55.894,52.343,80.431
2017-09-26,317.06,63.963,,14.1,51.34,97.06299999999999,82.025,16.78,26.784000000000002,39.153,38.674,36.789,143.43,146.03,76.447,29.339000000000002,35.093,153.82,53.211999999999996,53.04600000000001,27.361,89.384,62.94,45.076,35.828,42.972,36.641,190.75,102.41,140.78,136.67,63.211000000000006,131.87,55.647,52.246,80.304
2017-09-27,312.8,62.357,,14.117,53.05,97.663,81.17399999999999,16.89,27.066999999999997,39.465,38.655,36.857,143.03,147.78,76.097,29.506999999999998,35.760999999999996,154.88,52.192,53.363,27.660999999999998,89.825,63.33,45.405,36.689,42.577,36.688,192.52,103.35,141.61,135.79,64.12899999999999,132.38,55.647,51.544,80.274
2017-09-28,310.0,63.033,,13.725,53.43,96.492,81.483,16.82,27.136,39.465,38.647,37.143,140.99,147.88,75.844,29.573,35.79,152.67,52.152,53.238,27.581,89.816,63.93,45.405,36.619,42.316,36.944,194.11,104.04,141.51,135.85,64.266,132.33,56.041000000000004,51.729,80.343
2017-09-29,313.12,63.228,,14.117,53.32,97.00299999999999,81.154,16.77,27.52,39.27,38.857,37.387,140.82,149.0,75.416,29.581,36.226,152.56,51.378,53.229,27.769000000000002,89.639,64.02,45.637,36.777,42.827,37.066,193.86,104.7,142.08,135.77,64.46300000000001,132.65,56.041000000000004,51.691,80.818
2017-10-02,316.17,63.091,,14.092,55.03,98.273,81.58,17.28,27.410999999999998,40.99100000000001,39.153,38.359,140.42,149.19,75.727,29.78,36.488,154.2,51.398,53.641000000000005,27.789,90.39200000000001,64.18,46.353,36.876,43.088,37.01,195.44,104.9,142.51,135.63,64.99600000000001,133.65,56.653,51.778,81.638
2017-10-03,317.39,62.768,,13.982999999999999,54.47,99.193,81.087,17.52,27.44,42.255,39.181999999999995,38.664,140.53,149.59,75.69800000000001,29.848000000000003,37.059,152.94,51.003,53.978,27.999000000000002,91.616,64.22,46.798,37.311,43.213,37.36,196.61,105.05,143.01,135.66,65.203,134.3,56.89,51.632,81.618
2017-10-04,314.92,63.836000000000006,,13.85,54.77,98.955,81.686,17.49,27.353,42.576,39.048,38.624,141.34,149.37,75.65,29.743000000000002,37.902,152.56,51.607,54.083,28.239,91.419,64.01,46.924,37.341,43.20399999999999,37.379,198.45,104.77,143.64,136.2,64.917,134.19,56.91,52.148999999999994,82.014
2017-10-05,326.74,64.541,,14.075,54.04,98.51899999999999,81.513,17.83,27.756,42.645,38.914,38.811,141.53,150.88,76.116,29.874000000000002,38.366,152.67,51.706,54.467,28.369,91.322,65.82,47.126999999999995,36.936,43.869,37.389,195.89,105.7,144.42,136.7,65.529,134.42,57.254,52.099,82.074
2017-10-06,327.48,64.266,,13.808,54.3,98.479,81.851,17.98,27.726,43.696000000000005,38.866,38.909,143.24,151.36,76.048,29.916999999999998,37.795,150.26,51.943000000000005,53.978,28.239,90.823,66.05,47.465,36.827,43.898999999999994,36.977,196.05,106.18,144.53,135.51,65.568,134.41,57.126999999999995,52.06100000000001,81.964
2017-10-09,329.01,65.07,,13.85,54.37,97.98700000000001,82.025,17.9,27.666999999999998,44.083999999999996,38.857,39.135,143.02,151.76,75.221,29.829,37.65,147.12,51.051,53.861999999999995,27.989,91.31200000000001,66.23,46.488,36.55,43.523,36.699,194.3,106.46,143.84,134.93,65.311,133.9,57.117,52.129,81.45
2017-10-10,332.81,65.686,,13.6,54.61,97.99700000000001,82.962,17.505,27.953000000000003,43.967,39.029,38.928000000000004,143.24,151.77,76.009,30.0,37.911,148.39,51.06100000000001,53.815,27.969,91.459,66.04,46.672,36.679,43.465,36.891,192.7,106.76,143.75,136.23,65.617,134.11,57.156000000000006,52.635,81.638
2017-10-11,333.19,65.804,,13.65,55.02,96.984,83.542,17.49,27.795,44.22,39.106,38.585,142.72,152.39,76.058,29.943,37.814,148.92,50.567,54.16,27.979,91.664,67.78,46.178999999999995,36.619,43.56100000000001,36.593,193.28,107.88,143.82,136.4,65.529,134.06,57.18600000000001,52.858999999999995,81.797
2017-10-12,333.31,65.471,,13.417,54.56,95.389,84.104,17.26,27.686999999999998,43.656000000000006,39.259,38.477,144.9,152.43,76.01899999999999,29.956999999999997,37.814,149.64,50.368,54.18899999999999,27.570999999999998,92.311,68.86,46.498000000000005,36.57,43.376999999999995,34.36,190.96,107.55,142.83,137.01,65.124,134.67,57.294,53.132,81.707
2017-10-13,337.64,66.53,,13.225,54.48,95.833,83.93,17.26,27.598000000000003,44.619,39.249,38.948,144.69,153.29,75.62,30.124000000000002,38.405,146.17,50.516999999999996,54.246,27.71,92.398,68.66,48.365,37.213,43.117,34.207,190.57,108.1,143.31,137.3,65.035,134.35,57.57,52.762,81.5
2017-10-16,335.68,66.82300000000001,,12.967,53.82,96.571,84.259,17.0,27.903000000000002,44.501999999999995,39.106,39.037,143.79,153.86,75.533,30.23,38.657,145.61,50.903999999999996,54.036,27.75,88.915,67.31,48.373999999999995,36.866,42.827,34.658,191.23,107.74,143.53,137.39,65.45,134.58,57.53,52.645,81.14399999999999
2017-10-17,344.47,66.714,,13.192,54.83,96.79700000000001,84.626,16.87,27.51,43.783,39.076,39.066,144.54,153.89,75.426,30.14,38.221,145.41,51.528,54.199,27.73,88.68,66.67,48.152,36.442,42.431999999999995,34.715,201.82,106.98,143.63,136.78,65.085,134.1,57.383,52.957,82.23100000000001
2017-10-18,344.58,66.059,,13.4,55.4,96.689,84.17200000000001,16.9,27.608,43.88,39.249,39.516999999999996,144.81,154.46,74.997,30.275,38.357,145.21,51.825,53.19,27.829,88.29899999999999,67.26,46.44,36.46,41.968,34.216,203.15,107.24,143.42,136.63,65.43,134.35,57.245,52.858999999999995,82.35
2017-10-19,342.42,64.423,,13.183,53.31,97.43700000000001,84.955,16.82,27.814,44.103,39.335,39.36,145.66,153.91,74.385,30.502,38.231,148.94,52.211999999999996,53.614,27.72,88.445,67.25,46.54600000000001,36.55,41.94,34.198,201.19,106.47,143.4,135.91,65.558,134.57,57.463,53.415,82.854
2017-10-20,338.1,64.512,,13.232999999999999,52.94,97.821,85.03200000000001,16.81,28.13,44.357,39.086,39.694,147.0,154.85,74.618,30.511999999999997,38.192,149.75,52.578,53.795,27.837,88.846,70.97,46.778999999999996,36.964,41.332,34.054,205.38,106.99,143.85,135.73,66.298,136.06,57.955,53.45399999999999,82.944
2017-10-23,328.55,64.727,,13.192,53.32,97.131,84.655,16.64,27.963,43.909,38.876,40.086999999999996,146.36,154.22,74.959,30.445999999999998,38.24,147.28,53.172,52.882,27.491,89.277,69.8,46.382,36.727,40.907,33.775999999999996,204.91,106.97,142.87,135.54,66.081,134.98,57.847,53.483000000000004,82.736
2017-10-24,315.73,65.04,,13.433,53.6,96.728,85.09,16.68,28.13,45.203,38.742,40.205,147.65,154.76,75.11399999999999,30.436,38.336999999999996,148.73,52.934,53.738,27.371,89.854,70.21,46.401,36.589,40.83,33.402,206.04,107.85,143.3,135.09,66.505,135.75,58.172,53.532,82.182
2017-10-25,314.64,64.473,,13.242,53.44,96.24600000000001,84.85799999999999,16.49,28.11,43.88,36.55,40.038000000000004,148.48,153.86,75.221,30.281999999999996,37.775999999999996,150.35,54.441,51.596000000000004,27.180999999999997,89.73700000000001,71.02,45.55,36.757,40.029,32.089,205.45,108.92,142.64,134.73,66.208,134.38,57.867,53.298,82.064
2017-10-26,307.64,65.217,,13.125,54.26,96.993,84.48100000000001,16.63,28.374000000000002,44.006,35.028,40.598,150.34,154.58,75.192,30.404,37.708,142.55,56.294,51.326,27.221,89.21799999999999,71.34,45.657,37.568000000000005,39.769,32.273,207.03,109.23,143.09,134.85,66.593,134.84,58.636,53.308,81.242
2017-10-27,307.74,65.814,,13.6,57.02,96.74700000000001,85.052,16.7,28.590999999999998,43.413999999999994,34.674,43.592,152.45,159.1,75.192,30.386999999999997,37.747,134.69,55.452,51.951,27.230999999999998,90.01,71.06,45.888999999999996,37.845,40.983999999999995,32.55,210.44,109.14,144.82,133.9,66.663,134.89,58.33,53.638999999999996,81.223
2017-10-30,315.8,64.649,,13.783,56.31,96.48200000000001,85.206,16.97,28.533,42.178000000000004,35.114000000000004,43.563,150.46,159.82,73.218,30.364,37.727,134.09,54.768,51.912,27.111,89.06200000000001,71.15,45.773,37.17,41.293,32.138000000000005,207.27,109.47,144.23,132.58,66.199,133.67,58.053999999999995,53.648,80.35300000000001
2017-10-31,311.66,65.012,,13.442,56.0,96.255,85.399,16.92,28.424,41.799,34.865,44.662,150.03,160.61,75.221,30.272,37.969,136.94,54.49100000000001,52.133,27.081,89.12,72.56,46.353,36.664,41.611999999999995,32.243,208.08,109.41,144.41,133.77,66.101,133.53,58.211999999999996,53.708,80.204
2017-11-01,315.73,63.228,,13.808,55.72,97.45700000000001,84.965,16.37,28.484,41.945,34.645,45.86,150.37,160.48,75.582,30.275,38.599000000000004,138.71,54.57,52.38399999999999,27.193,90.314,72.38,47.417,36.594,42.141999999999996,32.147,207.4,110.5,144.4,134.14,66.208,133.37,58.498000000000005,53.405,80.40100000000001
2017-11-02,309.4,63.846000000000004,,13.75,56.66,96.787,85.64200000000001,14.685,28.778000000000002,41.43,34.406,46.243,151.16,160.64,75.902,30.255,37.834,136.13,54.619,51.248999999999995,26.930999999999997,91.449,72.25,47.852,36.872,41.776,31.783,208.96,110.41,143.26,133.75,66.73100000000001,134.13,58.074,53.601000000000006,80.03699999999999
2017-11-03,314.14,64.072,,13.558,56.42,97.073,85.603,14.545,28.641,41.177,34.598,45.497,152.63,162.08,75.873,30.252,37.911,136.67,55.205,51.294,26.930999999999997,91.566,73.39,47.62,36.763000000000005,41.148,31.908,210.7,110.79,143.69,133.64,66.495,134.01,58.044,53.795,80.69800000000001
2017-11-06,315.47,64.306,,13.567,57.64,99.044,84.975,14.49,28.759,40.982,34.588,46.119,151.69,162.74,74.9,30.364,38.279,134.28,55.531000000000006,51.44,27.241,92.398,74.74,48.732,36.823,41.486000000000004,31.486,209.97,111.35,144.62,132.33,66.475,134.09,57.797,53.591,80.45100000000001
2017-11-07,313.57,65.002,,13.242,56.84,100.0,86.415,14.46,27.991,40.554,34.282,46.198,151.52,162.81,76.048,30.278000000000002,38.744,136.0,54.648,51.8,27.111,92.536,74.4,48.248999999999995,36.455,41.196000000000005,31.688000000000002,210.54,111.52,143.65,133.45,65.538,134.04,57.857,54.233999999999995,80.62
2017-11-08,312.58,64.56,,12.825,57.54,99.57,86.289,14.65,27.834,40.953,34.914,46.119,151.96,163.64,77.41,30.298000000000002,39.402,139.4,55.253,51.732,26.980999999999998,92.516,74.77,48.839,36.753,40.183,32.042,208.63,111.89,143.8,134.88,65.183,133.8,57.916000000000004,54.273,80.808
2017-11-09,309.96,64.806,,12.833,57.12,101.05,86.676,14.25,27.55,40.953,34.709,45.724,151.43,162.1,77.245,30.325,39.034,139.15,55.62,51.623999999999995,27.141,92.389,74.1,47.504,37.080999999999996,40.55,32.579,209.41,111.57,144.08,134.84,64.917,132.28,57.423,54.341,80.818
2017-11-10,310.44,63.318000000000005,,13.107999999999999,56.69,103.11,85.961,14.21,27.215,41.486999999999995,34.253,45.013000000000005,152.27,162.1,77.547,30.22,39.034,136.67,55.58,51.05,27.160999999999998,91.645,73.98,47.881,36.723,40.211999999999996,32.79,208.93,111.31,144.55,136.18,64.818,132.45,57.333,54.086999999999996,80.294
2017-11-13,315.71,64.61,,13.425,55.91,103.07,86.91799999999999,13.75,27.726,42.372,34.05,45.181000000000004,153.87,162.11,77.673,30.134,39.17,137.11,55.402,50.864,27.141,91.31200000000001,74.03,47.581,37.010999999999996,39.329,32.741,210.5,110.83,145.0,136.82,64.986,131.8,57.63,54.73,80.372
2017-11-14,309.69,64.649,,13.092,55.75,101.53,88.088,13.69,28.14,41.818000000000005,33.943000000000005,45.29,154.19,161.59,77.215,30.147,38.55,135.24,55.472,50.056000000000004,27.051,90.833,74.49,46.42100000000001,37.319,39.378,32.31,209.56,111.41,145.13,137.33,64.99600000000001,131.29,57.107,55.412,80.047
2017-11-15,310.28,64.413,,13.283,54.78,102.04,87.594,13.57,27.991,41.681999999999995,33.846,44.895,152.84,160.45,76.642,30.214000000000002,37.659,137.9,56.11600000000001,49.52,27.011,90.57799999999999,73.43,45.995,37.269,39.879,32.397,207.73,109.68,144.63,135.92,65.153,130.58,56.761,54.935,79.82
2017-11-16,313.98,64.453,,13.357999999999999,55.26,101.95,87.126,13.58,28.000999999999998,42.402,34.147,45.082,154.63,162.62,78.113,29.956999999999997,38.318000000000005,141.73,56.711000000000006,49.345,27.410999999999998,91.16,77.7,46.063,37.855,40.713,33.077,208.99,110.65,145.87,137.95,65.203,131.97,57.453,54.75899999999999,80.649
2017-11-17,313.97,64.845,,14.0,55.77,101.79,86.45200000000001,13.76,27.983,42.674,34.02,44.075,155.53,161.78,78.07300000000001,29.983,38.376,141.16,58.652,49.365,27.646,91.34700000000001,76.38,46.023999999999994,38.123000000000005,40.114000000000004,33.067,207.77,109.45,146.69,137.63,65.173,131.42,57.53,54.38,80.334
2017-11-20,309.46,64.757,,13.367,56.22,101.12,86.589,13.925,28.1,43.646,34.079,44.065,156.75,162.44,78.367,30.041999999999998,38.202,137.29,58.711999999999996,49.52,27.541,91.318,76.01,46.247,38.441,39.918,33.191,208.11,109.58,147.0,137.63,65.509,132.13,57.61,54.214,79.997
2017-11-21,309.06,65.609,,13.558,56.93,101.37,86.736,13.96,28.011,43.733999999999995,33.778,44.381,150.8,164.38,78.446,30.12,38.86,141.89,58.85,48.907,27.779,92.304,77.77,46.468999999999994,38.589,39.427,32.895,210.44,111.08,147.83,137.95,65.755,133.16,57.916000000000004,54.361000000000004,80.69800000000001
2017-11-22,309.8,65.845,,13.692,56.45,101.11,86.56,14.19,27.953000000000003,43.073,34.02,44.095,150.64,164.0,78.259,30.006999999999998,38.938,144.81,58.533,49.277,27.789,91.978,77.57,47.398,38.599000000000004,39.525,33.412,209.08,110.45,147.98,137.85,65.499,133.28,57.757,54.361000000000004,80.669
2017-11-24,308.88,65.767,,13.542,56.47,101.01,86.706,14.21,27.736,43.238,34.001999999999995,44.193000000000005,152.89,164.88,78.191,29.976999999999997,39.17,143.67,58.782,49.725,27.789,92.323,78.57,47.803999999999995,38.876999999999995,39.28,33.355,210.35,111.6,148.28,137.77,65.38,133.28,58.053999999999995,54.448,80.857
2017-11-27,311.73,65.22399999999999,,13.333,55.53,101.16,86.804,14.2,27.933000000000003,42.956,34.496,43.93600000000001,153.75,164.75,78.053,30.124000000000002,38.792,143.86,59.089,48.731,27.75,91.505,77.84,47.272,39.036,38.828,33.231,210.25,112.0,148.28,137.88,65.34,133.49,57.708999999999996,54.681999999999995,80.926
2017-11-28,317.14,65.569,,13.467,55.34,101.76,86.902,14.19,28.759,43.68600000000001,34.855,44.174,154.77,165.05,77.436,30.529,38.946999999999996,146.73,59.038999999999994,48.771,27.959,92.727,77.79,47.107,39.701,38.641,33.939,213.94,112.98,150.06,139.09,66.958,135.5,58.349,54.935,81.52
2017-11-29,319.96,64.77,23.22,13.5,55.05,103.57,86.921,13.82,29.958000000000002,42.606,34.418,43.403,153.2,160.8,79.505,30.845,38.366,147.1,59.812,49.131,27.784000000000002,93.57600000000001,73.25,46.31399999999999,40.574,38.14,34.955,220.62,109.49,150.89,139.95,68.16199999999999,136.59,58.43899999999999,54.964,81.925
2017-11-30,322.12,64.711,22.0,13.95,55.21,103.15,87.096,14.14,30.008000000000003,41.906000000000006,34.02,44.282,156.2,162.02,79.779,30.739,38.628,147.06,59.871,50.563,27.631,96.18799999999999,75.73,46.324,40.812,40.183,34.858000000000004,226.62,112.21,151.61,141.22,68.429,138.68,58.763000000000005,55.148999999999994,82.538
